mbs_oracle_sys_id,spin_name,metric,kolom_target,nilai_lama_goapps,nilai_baru_dari_legacy,delta_dihapus,legacy_check_status,new_status,is_active,mbs_ldr_calculated_pct
202104024,STELLA BLUE,LDR_AKTUAL,mbs_run_ldr_pct,1.7500,1.53,0.2200,Approved,Spinning,Y,1.8200
202104068,VENUS RD BR,LDR_AKTUAL,mbs_run_ldr_pct,2.0800,2.01,0.0700,Current,Spinning,Y,2.0800
202104172,EMGE BLUE,LDR_AKTUAL,mbs_run_ldr_pct,3.8700,3.23,0.6400,Waiting,Spinning,Y,2.6500
202104226,RADIO BL,LDR_AKTUAL,mbs_run_ldr_pct,2.3700,2.19,0.1800,Current,Spinning,Y,2.0600
202104292,GLADSOME BR,LDR_AKTUAL,mbs_run_ldr_pct,1.7700,1.6,0.1700,Current,Spinning,Y,1.6700
202104293,CAFE LEON,LDR_AKTUAL,mbs_run_ldr_pct,3.7000,3.75,-0.0500,Current,Spinning,Y,3.6500
202104296,DARK WINE,LDR_AKTUAL,mbs_run_ldr_pct,2.3400,2.35,-0.0100,Current,Spinning,Y,2.3400
202104300,BEIGE,LDR_AKTUAL,mbs_run_ldr_pct,1.2500,1.20,0.0500,Current,Spinning,Y,1.4800
202104307,EARTH,LDR_AKTUAL,mbs_run_ldr_pct,1.8600,1.92,-0.0600,Current,Spinning,Y,1.9200
202104318,COBALT BLUE BR,LDR_AKTUAL,mbs_run_ldr_pct,3.6400,3,0.6400,Waiting,Spinning,Y,3.6500
202104320,SPINACH GREEN BR,LDR_AKTUAL,mbs_run_ldr_pct,3.0000,2.55,0.4500,Waiting,Spinning,Y,3.4500
202104351,LARK BEIGE,LDR_AKTUAL,mbs_run_ldr_pct,1.5200,1.34,0.1800,Current,Spinning,Y,1.4700
202104368,MULTI BLUE BR,LDR_AKTUAL,mbs_run_ldr_pct,1.8900,1.96,-0.0700,Current,Spinning,Y,1.5000
202104393,LOMO BROWN BR,LDR_AKTUAL,mbs_run_ldr_pct,3.4500,3.41,0.0400,Current,Spinning,Y,3.4500
202104399,DISTAN GY,LDR_AKTUAL,mbs_run_ldr_pct,1.6700,1.76,-0.0900,Current,Spinning,Y,1.5300
202104436,MILIM BL,LDR_AKTUAL,mbs_run_ldr_pct,3.6700,2.45,1.2200,Waiting,Spinning,Y,3.6000
202104513,SURF BLUE,LDR_AKTUAL,mbs_run_ldr_pct,2.1600,2.07,0.0900,Current,Spinning,Y,2.1000
202109581,DARK VERMELHO,LDR_AKTUAL,mbs_run_ldr_pct,1.7100,1.5,0.2100,Waiting,Spinning,Y,1.8000
202110592,FUEGO BL,LDR_AKTUAL,mbs_run_ldr_pct,2.0100,2.28,-0.2700,Waiting,R and D,N,2.0000
202110596,CLASSIC BL BR,LDR_AKTUAL,mbs_run_ldr_pct,3.7200,4.27,-0.5500,Waiting,Spinning,Y,2.6500
202110598,SEXY PL,LDR_AKTUAL,mbs_run_ldr_pct,1.4800,1.51,-0.0300,Waiting,Spinning,N,1.5500
202110604,ARSENE RD,LDR_AKTUAL,mbs_run_ldr_pct,2.2900,2.19,0.1000,Current,Spinning,Y,2.3000
202110610,WALDEN CM BR,LDR_AKTUAL,mbs_run_ldr_pct,1.5000,1.4,0.1000,Waiting,Spinning,N,1.5000
202110618,DREAM BL,LDR_AKTUAL,mbs_run_ldr_pct,1.7300,1.49,0.2400,Waiting,R and D,N,1.5000
202111648,HEAVEN BL BR,LDR_AKTUAL,mbs_run_ldr_pct,3.2000,2.5,0.7000,Waiting,Spinning,Y,3.2800
202111652,NEBO BL,LDR_AKTUAL,mbs_run_ldr_pct,3.1000,2.83,0.2700,Waiting,Spinning,N,4.0000
202111658,KIRANA BL BR,LDR_AKTUAL,mbs_run_ldr_pct,1.9000,1.5,0.4000,Waiting,Spinning,N,1.9000
202111661,BUTTER CREAM,LDR_AKTUAL,mbs_run_ldr_pct,1.6300,1.58,0.0500,Waiting,Spinning,N,1.5000
202111662,ALPAKA CM BR,LDR_AKTUAL,mbs_run_ldr_pct,2.0000,1.5,0.5000,Waiting,Spinning,N,1.5000
202112676,RETRO BL,LDR_AKTUAL,mbs_run_ldr_pct,1.9500,1.86,0.0900,Waiting,Spinning,N,2.1700
202201695,PROJECT BN BR,LDR_AKTUAL,mbs_run_ldr_pct,2.2500,1.5,0.7500,Waiting,Spinning,N,2.1500
202201706,TURMERIC YW,LDR_AKTUAL,mbs_run_ldr_pct,2.7600,2.71,0.0500,Current,Spinning,Y,3.0000
202201728,SASHA GY,LDR_AKTUAL,mbs_run_ldr_pct,1.2000,1.24,-0.0400,Waiting,Spinning,N,1.2000
202202735,SINAR GREEN,LDR_AKTUAL,mbs_run_ldr_pct,3.5900,3.77,-0.1800,Current,Spinning,Y,3.6700
202206849,DINO BN,LDR_AKTUAL,mbs_run_ldr_pct,1.4700,1.49,-0.0200,Waiting,Spinning,N,1.5000
202211044,CLIENT CM BR,LDR_AKTUAL,mbs_run_ldr_pct,1.5400,1.50,0.0400,Waiting,Spinning,N,1.5000
202211045,SINAR GN BR,LDR_AKTUAL,mbs_run_ldr_pct,3.6800,4.91,-1.2300,Current,Spinning,Y,3.6700
202212076,HYPE YW,LDR_AKTUAL,mbs_run_ldr_pct,2.1300,2.07,0.0600,Waiting,R and D,N,2.0000
202212094,PAPRIKA MN BR,LDR_AKTUAL,mbs_run_ldr_pct,4.0000,3,1.0000,Waiting,R and D,N,3.1500
202305241,SPINACH GREEN BR,LDR_AKTUAL,mbs_run_ldr_pct,2.5300,2.05,0.4800,Waiting,Spinning,Y,3.4500
202305257,RUBY MAROON,LDR_AKTUAL,mbs_run_ldr_pct,2.3500,2.22,0.1300,Current,Spinning,Y,2.3000
202305264,LOCK GY,LDR_AKTUAL,mbs_run_ldr_pct,1.5900,1.48,0.1100,Waiting,R and D,N,1.5000
202309487,TAHITI BL,LDR_AKTUAL,mbs_run_ldr_pct,1.4700,1.39,0.0800,Waiting,Spinning,N,1.5000
202309490,ST LUCIA BL,LDR_AKTUAL,mbs_run_ldr_pct,1.5800,1.5,0.0800,Waiting,Spinning,N,1.5000
202310530,MULTI BLUE BR,LDR_AKTUAL,mbs_run_ldr_pct,1.7300,1.79,-0.0600,Current,Spinning,Y,1.5000
202311559,ORCHID MN BR,LDR_AKTUAL,mbs_run_ldr_pct,3.7000,2.5,1.2000,Waiting,Spinning,Y,3.7000
202312572,ROSARIO PK,LDR_AKTUAL,mbs_run_ldr_pct,2.2400,2.25,-0.0100,Waiting,R and D,N,2.0000
202402627,CRIMSON RD,LDR_AKTUAL,mbs_run_ldr_pct,5.8000,5.57,0.2300,Waiting,R and D,N,5.0000
202409932,JANESHA CM,LDR_AKTUAL,mbs_run_ldr_pct,1.1000,1.14,-0.0400,Waiting,R and D,N,1.0000
202409937,RYUMI BN,LDR_AKTUAL,mbs_run_ldr_pct,2.0000,1.85,0.1500,Waiting,R and D,N,2.0000
202409938,BOWIE CM,LDR_AKTUAL,mbs_run_ldr_pct,1.0000,0.89,0.1100,Waiting,R and D,N,1.0000
202410980,EROSA PK,LDR_AKTUAL,mbs_run_ldr_pct,2.3400,2.23,0.1100,Waiting,R and D,N,2.0000
202411006,GARNI GN,LDR_AKTUAL,mbs_run_ldr_pct,2.6500,2.43,0.2200,Waiting,R and D,N,2.8000
202411035,NOERA PK,LDR_AKTUAL,mbs_run_ldr_pct,2.0000,2.52,-0.5200,Waiting,R and D,N,2.0000
202412061,STARRY BL,LDR_AKTUAL,mbs_run_ldr_pct,2.6800,2.73,-0.0500,Approved,R and D,Y,2.8000
202501151,NOCTIS BL,LDR_AKTUAL,mbs_run_ldr_pct,2.1500,1.29,0.8600,Waiting,R and D,N,2.0000
202501153,PEPON RD,LDR_AKTUAL,mbs_run_ldr_pct,4.0000,3,1.0000,Waiting,R and D,N,4.0000
202505252,VICTORY GN,LDR_AKTUAL,mbs_run_ldr_pct,2.8200,3.15,-0.3300,Waiting,Spinning,N,3.0000
202505254,STORMY BN,LDR_AKTUAL,mbs_run_ldr_pct,6.3300,4.77,1.5600,Waiting,Spinning,N,6.0000
202505255,KATNISS GN,LDR_AKTUAL,mbs_run_ldr_pct,4.2000,4.36,-0.1600,Waiting,R and D,N,5.0000
202505256,SOLACE WT,LDR_AKTUAL,mbs_run_ldr_pct,1.5000,1.45,0.0500,Waiting,R and D,N,1.5000
202505262,YODA BK,LDR_AKTUAL,mbs_run_ldr_pct,6.2200,5,1.2200,Waiting,R and D,N,6.0000
202505263,CARPA BL-02,LDR_AKTUAL,mbs_run_ldr_pct,5.5000,4,1.5000,Waiting,R and D,N,5.0000
202505267,POCO GN-01,LDR_AKTUAL,mbs_run_ldr_pct,4.4000,3.4,1.0000,Waiting,R and D,N,5.0000
202505268,SMORES WT,LDR_AKTUAL,mbs_run_ldr_pct,2.1000,1.53,0.5700,Waiting,Spinning,N,2.0000
202505272,MORTIS OG,LDR_AKTUAL,mbs_run_ldr_pct,4.0000,4.15,-0.1500,Waiting,R and D,N,4.0000
202505276,KAZE MN,LDR_AKTUAL,mbs_run_ldr_pct,4.0000,3.6,0.4000,Waiting,R and D,N,5.0000
202505279,MUYLDER GN,LDR_AKTUAL,mbs_run_ldr_pct,5.2800,5.41,-0.1300,Waiting,Spinning,N,5.5000
202505280,SENKA GN-02,LDR_AKTUAL,mbs_run_ldr_pct,5.0000,3.74,1.2600,Waiting,R and D,N,5.0000
202505284,LUDWIG GN-02,LDR_AKTUAL,mbs_run_ldr_pct,4.2500,4.16,0.0900,Waiting,R and D,N,4.0000
202506299,LUFFY GN,LDR_AKTUAL,mbs_run_ldr_pct,3.2000,3.33,-0.1300,Waiting,R and D,N,3.5000
202506302,MALICE GN-01,LDR_AKTUAL,mbs_run_ldr_pct,5.0000,5.10,-0.1000,Waiting,R and D,N,5.0000
202506303,ARATA RD,LDR_AKTUAL,mbs_run_ldr_pct,2.7500,2.78,-0.0300,Waiting,R and D,N,3.0000
202506321,VINEGAR OG,LDR_AKTUAL,mbs_run_ldr_pct,1.9800,1.92,0.0600,Waiting,Spinning,N,2.0000
202506360,FIG MN,LDR_AKTUAL,mbs_run_ldr_pct,6.0000,5,1.0000,Waiting,Spinning,N,6.0000
202507373,HUSK GY,LDR_AKTUAL,mbs_run_ldr_pct,2.1000,1.39,0.7100,Waiting,R and D,N,2.0000
202508435,HIMERU BN,LDR_AKTUAL,mbs_run_ldr_pct,6.1600,4.1,2.0600,Waiting,R and D,N,6.0000
202509485,BEAUTY BL,LDR_AKTUAL,mbs_run_ldr_pct,2.3700,2.07,0.3000,Waiting,Spinning,N,2.5000
202509536,CLASSIC BLUE,LDR_AKTUAL,mbs_run_ldr_pct,3.5700,2.81,0.7600,Waiting,Spinning,Y,2.6500
202509546,NOKTA GN BR,LDR_AKTUAL,mbs_run_ldr_pct,2.4500,1.5,0.9500,Waiting,R and D,N,2.4500
202510555,PURIN WT,LDR_AKTUAL,mbs_run_ldr_pct,2.1500,1.5,0.6500,Waiting,R and D,N,2.0000
202511589,HALLSTAT GY,LDR_AKTUAL,mbs_run_ldr_pct,2.0000,2.15,-0.1500,Waiting,R and D,N,2.0000
202511590,HALLSTAT GY-02,LDR_AKTUAL,mbs_run_ldr_pct,2.0000,2.15,-0.1500,Waiting,R and D,N,2.0000
202511595,UBUD BL,LDR_AKTUAL,mbs_run_ldr_pct,3.0000,2.78,0.2200,Waiting,Spinning,N,3.0000
202511599,ANDRES BK-01,LDR_AKTUAL,mbs_run_ldr_pct,5.0000,4.5,0.5000,Waiting,R and D,N,5.0000
202511601,BERING BL BR,LDR_AKTUAL,mbs_run_ldr_pct,3.1000,2.95,0.1500,Waiting,R and D,N,3.1000
202605873,GAMBILIA MN,LDR_AKTUAL,mbs_run_ldr_pct,3.4000,3.60,-0.2000,Waiting,Spinning,N,4.0000
202605875,HALIN GN,LDR_AKTUAL,mbs_run_ldr_pct,2.0000,1.86,0.1400,Waiting,R and D,N,2.0000
202605877,ALVOR PL,LDR_AKTUAL,mbs_run_ldr_pct,5.0000,4.65,0.3500,Waiting,R and D,N,5.0000
202605886,STELLA BL BR,LDR_AKTUAL,mbs_run_ldr_pct,2.1600,1.8,0.3600,Waiting,Spinning,Y,1.8200
202605903,PETRON BK AT,LDR_AKTUAL,mbs_run_ldr_pct,4.3500,2.85,1.5000,Waiting,R and D,N,4.3500
202605906,VALLETA BG,LDR_AKTUAL,mbs_run_ldr_pct,1.8200,1.5,0.3200,Waiting,R and D,N,1.5000
202606911,AWESOME BG BR,LDR_AKTUAL,mbs_run_ldr_pct,2.0000,2.5,-0.5000,Waiting,R and D,N,2.0000
202606915,SEED CM BR,LDR_AKTUAL,mbs_run_ldr_pct,2.0000,2.50,-0.5000,Waiting,R and D,N,2.0000
202606918,ORMIN GN,LDR_AKTUAL,mbs_run_ldr_pct,3.5000,3.25,0.2500,Waiting,R and D,N,3.5000
202606920,ESME BL,LDR_AKTUAL,mbs_run_ldr_pct,3.0000,2.6,0.4000,Waiting,R and D,N,3.0000
202606921,OSHA GY,LDR_AKTUAL,mbs_run_ldr_pct,2.0000,1.87,0.1300,Waiting,R and D,N,2.0000
202606929,BURSA BG,LDR_AKTUAL,mbs_run_ldr_pct,2.0000,2.15,-0.1500,Waiting,R and D,N,2.0000
202606930,SALO GN,LDR_AKTUAL,mbs_run_ldr_pct,2.0000,2.5,-0.5000,Waiting,R and D,N,2.0000
202606931,ARKLOW BN,LDR_AKTUAL,mbs_run_ldr_pct,2.0000,1.78,0.2200,Waiting,R and D,N,2.0000
202606933,COLLAR BL,LDR_AKTUAL,mbs_run_ldr_pct,2.0000,2.5,-0.5000,Waiting,R and D,N,2.0000
202606934,ANTALYA BL,LDR_AKTUAL,mbs_run_ldr_pct,2.0000,2.5,-0.5000,Waiting,R and D,N,2.0000
202606935,GALWAY BN,LDR_AKTUAL,mbs_run_ldr_pct,2.0000,2.5,-0.5000,Waiting,R and D,N,2.0000
202606936,MAINE BN,LDR_AKTUAL,mbs_run_ldr_pct,2.0000,2.05,-0.0500,Waiting,R and D,N,2.0000
202212094,PAPRIKA MN BR,LDR_RENCANA,mbs_ldr_prsn,3.1500,3,0.1500,Waiting,R and D,N,3.1500
202507373,HUSK GY,LDR_RENCANA,mbs_ldr_prsn,2.0000,1.5,0.5000,Waiting,R and D,N,2.0000
