cost_type,metric,legacy_top,param_key,n,match,match_rounding,match_both_zero,minor,material,not_comparable,pct_setara_total,n_in_scope_orion,pct_setara_in_scope,n_out_of_scope,pct_setara_out_of_scope
ACTUAL,WASTE_PCT,TOP21,WASTE_PERC,6978,6695,0,20,0,263,0,96.2,1269,93.7,5709,96.8
ACTUAL,OPU,TOP22,OPU,6978,5925,0,1047,0,3,3,99.9,1269,100.0,5709,99.9
ACTUAL,QLOSS_CAPTIVE,TOP103,QLTY_LOSS_CAPTIVE_COST,6978,0,40,0,0,6897,41,0.6,1269,1.7,5709,0.3
ACTUAL,QLOSS_DELIVERY,TOP104,QLTY_LOSS_DELIVERY_COST,6978,0,34,0,0,6903,41,0.5,1269,0.7,5709,0.4
ACTUAL,RM_RATE,TOP55,RM_RATE,6978,12,2,2,12,6907,43,0.4,1269,0.2,5709,0.4
ACTUAL,RM_LANDED_COST,TOP56,RM_LANDED_COST,6978,12,548,0,30,6345,43,8.5,1269,42.5,5709,0.9
ACTUAL,RM_NORM,TOP57,RM_NORMS,6978,5020,1,0,1185,731,41,88.9,1269,86.1,5709,89.6
ACTUAL,POWER_PER_KG,TOP87,POWER_PER_KG,6978,0,1065,0,2,5870,41,15.3,1269,43.8,5709,9.0
ACTUAL,MANPOWER_PER_KG,TOP88,MANPOWER_PER_KG,6978,0,961,0,21,5955,41,14.1,1269,42.1,5709,7.8
ACTUAL,OVERHEAD_PER_KG,TOP89,OVERHEAD_PER_KG,6978,0,1684,0,0,5253,41,24.1,1269,50.5,5709,18.3
ACTUAL,SPARES_PER_KG,TOP90,SPARESCOST_PER_KG,6978,0,1441,0,0,5496,41,20.7,1269,49.7,5709,14.2
ACTUAL,FIXED_TOTAL_KG,TOP91,TOTAL_FIXEDCOST_PER_KG,6978,0,783,0,188,5966,41,13.9,1269,41.8,5709,7.7
ACTUAL,CAP_BEFORE_QLOSS,TOP94,CAPTIVE_COST_BEFORE_QLOSS,6978,0,1,0,17,6919,41,0.3,1269,0.1,5709,0.3
ACTUAL,DEL_BEFORE_QLOSS,TOP95,DELIVERY_COST_BEFORE_QLOSS,6978,0,0,0,19,6918,41,0.3,1269,0.5,5709,0.2
ACTUAL,CAP_WITH_QLOSS,TOP105,CAPTIVE_COST_QLTY_LOSS,6978,0,1,0,11,6925,41,0.2,1269,0.1,5709,0.2
ACTUAL,DEL_WITH_QLOSS,TOP106,DELIVERY_COST_QLTY_LOSS,6978,0,1,0,25,6911,41,0.4,1269,0.5,5709,0.4
ACTUAL,VB1_DEL_COST,TOP118,VOLUME_BUCKET_1_DEL_COST,6978,0,0,0,6,6931,41,0.1,1269,0.0,5709,0.1
ACTUAL,VB2_DEL_COST,TOP119,VOLUME_BUCKET_2_DEL_COST,6978,0,0,0,6,6931,41,0.1,1269,0.0,5709,0.1
ACTUAL,VB3_DEL_COST,TOP120,VOLUME_BUCKET_3_DEL_COST,6978,0,0,0,6,6931,41,0.1,1269,0.0,5709,0.1
ACTUAL,VB4_DEL_COST,TOP121,VOLUME_BUCKET_4_DEL_COST,6978,0,0,0,7,6930,41,0.1,1269,0.0,5709,0.1
ACTUAL,VB5_DEL_COST,TOP122,VOLUME_BUCKET_5_DEL_COST,6978,0,0,0,7,6930,41,0.1,1269,0.0,5709,0.1
ACTUAL,CAP_CONVERSION,TOP127,CAPTIVE_CONVERSION,6978,0,0,0,6,6914,58,0.1,1269,0.0,5709,0.1
ACTUAL,DEL_CONVERSION,TOP128,DELIVERY_CONVERSION,6978,0,0,0,11,6900,67,0.2,1269,0.0,5709,0.2
ACTUAL,OIL_COST,TOP61,OIL_COST,6978,0,19,1019,0,5735,205,14.9,1269,10.9,5709,15.8
ACTUAL,MB_COST,TOP73,MB_COST_MKT,6978,0,13,221,4,2287,4453,3.4,1269,5.5,5709,2.9
ACTUAL,CAP_PACK_COST,TOP42,CAPTIVE_PACK_COST,6978,0,1,38,0,6898,41,0.6,1269,0.9,5709,0.5
ACTUAL,DEL_PACK_COST,TOP48,DELIVERY_PACK_COST,6978,0,1,38,1,6897,41,0.6,1269,0.9,5709,0.5
SELLING,WASTE_PCT,TOP21,WASTE_PERC,13422,12746,0,56,0,619,1,95.4,1270,93.7,12152,95.6
SELLING,OPU,TOP22,OPU,13422,10788,0,2606,0,21,7,99.8,1270,100.0,12152,99.8
SELLING,QLOSS_CAPTIVE,TOP103,QLTY_LOSS_CAPTIVE_COST,13422,0,11,0,0,13411,0,0.1,1270,0.0,12152,0.1
SELLING,QLOSS_DELIVERY,TOP104,QLTY_LOSS_DELIVERY_COST,13422,0,10,1,0,13411,0,0.1,1270,0.0,12152,0.1
SELLING,RM_RATE,TOP55,RM_RATE,13422,0,0,1,0,13420,1,0.0,1270,0.0,12152,0.0
SELLING,RM_LANDED_COST,TOP56,RM_LANDED_COST,13422,0,0,1,0,13420,1,0.0,1270,0.0,12152,0.0
SELLING,RM_NORM,TOP57,RM_NORMS,13422,9642,2,0,1388,2390,0,82.2,1270,86.2,12152,81.8
SELLING,POWER_PER_KG,TOP87,POWER_PER_KG,13422,0,5431,1,0,7990,0,40.5,1270,43.8,12152,40.1
SELLING,MANPOWER_PER_KG,TOP88,MANPOWER_PER_KG,13422,0,4721,1,12,8688,0,35.3,1270,42.0,12152,34.6
SELLING,OVERHEAD_PER_KG,TOP89,OVERHEAD_PER_KG,13422,0,6398,1,0,7023,0,47.7,1270,50.5,12152,47.4
SELLING,SPARES_PER_KG,TOP90,SPARESCOST_PER_KG,13422,0,5993,1,0,7428,0,44.7,1270,49.7,12152,44.1
SELLING,FIXED_TOTAL_KG,TOP91,TOTAL_FIXEDCOST_PER_KG,13422,0,3797,1,784,8840,0,34.1,1270,41.8,12152,33.3
SELLING,CAP_BEFORE_QLOSS,TOP94,CAPTIVE_COST_BEFORE_QLOSS,13422,0,0,0,0,13422,0,0.0,1270,0.0,12152,0.0
SELLING,DEL_BEFORE_QLOSS,TOP95,DELIVERY_COST_BEFORE_QLOSS,13422,0,0,0,0,13422,0,0.0,1270,0.0,12152,0.0
SELLING,CAP_WITH_QLOSS,TOP105,CAPTIVE_COST_QLTY_LOSS,13422,0,0,0,0,13422,0,0.0,1270,0.0,12152,0.0
SELLING,DEL_WITH_QLOSS,TOP106,DELIVERY_COST_QLTY_LOSS,13422,0,0,0,0,13422,0,0.0,1270,0.0,12152,0.0
SELLING,VB1_DEL_COST,TOP118,VOLUME_BUCKET_1_DEL_COST,13422,0,0,0,0,13422,0,0.0,1270,0.0,12152,0.0
SELLING,VB2_DEL_COST,TOP119,VOLUME_BUCKET_2_DEL_COST,13422,0,0,0,0,13422,0,0.0,1270,0.0,12152,0.0
SELLING,VB3_DEL_COST,TOP120,VOLUME_BUCKET_3_DEL_COST,13422,0,0,0,0,13422,0,0.0,1270,0.0,12152,0.0
SELLING,VB4_DEL_COST,TOP121,VOLUME_BUCKET_4_DEL_COST,13422,0,0,0,0,13422,0,0.0,1270,0.0,12152,0.0
SELLING,VB5_DEL_COST,TOP122,VOLUME_BUCKET_5_DEL_COST,13422,0,0,0,0,13422,0,0.0,1270,0.0,12152,0.0
SELLING,CAP_CONVERSION,TOP127,CAPTIVE_CONVERSION,13422,0,0,0,0,21,13401,0.0,1270,0.0,12152,0.0
SELLING,DEL_CONVERSION,TOP128,DELIVERY_CONVERSION,13422,0,0,0,0,21,13401,0.0,1270,0.0,12152,0.0
SELLING,OIL_COST,TOP61,OIL_COST,13422,0,0,2582,0,10689,151,19.2,1270,10.9,12152,20.1
SELLING,MB_COST,TOP73,MB_COST_MKT,13422,12,77,351,34,4268,8680,3.5,1270,6.8,12152,3.2
SELLING,CAP_PACK_COST,TOP42,CAPTIVE_PACK_COST,13422,0,33,165,0,13224,0,1.5,1270,1.3,12152,1.5
SELLING,DEL_PACK_COST,TOP48,DELIVERY_PACK_COST,13422,0,10,165,1,13246,0,1.3,1270,0.9,12152,1.4
