group_head_id,group_code,group_name,flag_valuation,flag_marketing,flag_simulation,init_val_valuation,init_val_marketing,init_val_simulation,updated_at,updated_by
af7df1ef-2f66-4d0d-9cf5-67bf8003846c,202006002,PIG0000005,CONS,CONS,CONS,,,,2026-07-22 10:44:08.414957+07,migration_mkt_freight_20260722
e0c66cd5-bb93-40f5-a1b4-92b7130ccff2,202006003,CHM0000118,CONS,CONS,CONS,,,,,
d541c910-53ed-4d1c-adf2-0d58f2afb8e0,202006004,DYE0000015,CONS,CONS,CONS,,,,2026-07-22 10:44:08.414957+07,migration_mkt_freight_20260722
8cabaa6e-87df-4bc6-a0d9-f7b5cc9596a5,202006005,DYE0000012,CONS,CONS,CONS,,,,2026-07-22 10:44:08.414957+07,migration_mkt_freight_20260722
8aca267e-2827-4a54-a6c2-0d2fb9dc86c5,202006007,MBB0000066,CONS,CONS,CONS,,,,,
87bb9209-fa72-4189-bdf3-19fc445bcea3,202006008,PIG0000029,CONS,CONS,CONS,,,,2026-07-22 10:44:08.414957+07,migration_mkt_freight_20260722
72dcf681-db84-4bfb-a69c-8da8efef7cf0,202006010,PIG0000016,CONS,CONS,CONS,,,,2026-07-22 10:44:08.414957+07,migration_mkt_freight_20260722
e38fb390-a535-49be-b164-b29475509769,202006011,CHM0000098,CONS,CONS,CONS,,,,,
f694df52-cb1b-4156-96a7-f0e22d997b4d,202006012,CHM0000123,CONS,CONS,CONS,,,,,
27961b3f-b7cb-4543-bcda-c05e0114fdcb,202006013,CHM0000143,CONS,CONS,CONS,,,,,
3e1a52a3-d016-4576-8cdd-8db9b081ba1a,202006014,DYE0000014,CONS,CONS,CONS,,,,2026-07-22 10:44:08.414957+07,migration_mkt_freight_20260722
a20a215a-20c3-4582-8a83-aefa5ad1f634,202006015,PIG0000038,CONS,CONS,CONS,,,,,
f21d1d86-f821-4a6c-863e-74f943215a4c,202006016,FDY0000007,CONS,CONS,CONS,,,,,
90177c29-b28e-485a-8946-9e170a9bc40f,202006018,MBB0000064,CONS,CONS,CONS,,,,2026-07-22 10:44:08.414957+07,migration_mkt_freight_20260722
2d6a5b56-b5d1-40b1-8189-5fed212752f8,202006022,RSD,CONS,CONS,CONS,,,,2026-07-22 10:44:08.414957+07,migration_mkt_freight_20260722
270e8da5-ab77-4925-87a6-0bf7647c57e6,202006023,PIG0000016-CLA,CONS,CONS,CONS,,,,,
0f76a702-685d-4071-bc83-ff891645ff1e,202006024,CHM0000119,CONS,CONS,CONS,,,,,
2800af77-562b-41cb-b11d-33272ac032ba,202006025,SEBOSAN PES,CONS,CONS,CONS,,,,,
7a30ef7f-e4b8-4971-aa5b-1c0aefd400c6,202006031,MBB0000062,CONS,CONS,CONS,,,,,
613e74fd-4543-4079-9498-77a770780044,202006032,MBB0000069,CONS,CONS,CONS,,,,,
7a1b8941-bda5-4cbe-a59b-6770b378f332,202006033,SPIN FINISH SUPERBA,CONS,CONS,CONS,,,,,
78f92869-93a5-4c41-a58a-123693de1124,202006039,CHM0000121,CONS,CONS,CONS,,,,,
52f62b00-d830-4245-af63-bfc953df104c,202006040,CHM0000135,CONS,CONS,CONS,,,,,
629c0c14-a9ed-4067-8ff1-c70f6a677642,202006043,DYE0000010,CONS,CONS,CONS,,,,2026-07-22 10:44:08.414957+07,migration_mkt_freight_20260722
388a3d98-3ed1-4717-8c10-414cd2b31fd4,202006045,CHM0000122,CONS,CONS,CONS,,,,,
0fcf96b8-83ff-447a-bbd4-788ff16d6aab,202006046,CHM0000126,CONS,CONS,CONS,,,,,
23042d16-9c6b-4790-a6c7-5f3aae96d9dc,202006047,DYE0000013,CONS,CONS,CONS,,,,2026-07-22 10:44:08.414957+07,migration_mkt_freight_20260722
1fa04649-4ab9-4f54-9e85-133c5d14f6c0,202006049,FDY0000004,CONS,CONS,CONS,,,,,
6d3cbb26-2e6d-4183-a313-d19c5be56315,202006051,DYE0000001,CONS,CONS,CONS,,,,2026-07-22 10:44:08.414957+07,migration_mkt_freight_20260722
d4eb93bc-0460-49d6-ab35-88b767ab4357,202006053,FR,CONS,CONS,CONS,,,,2026-07-22 10:44:08.414957+07,migration_mkt_freight_20260722
7860fd5c-d425-4dd1-999b-eded2770ef88,202006054,PIG0000024-CLA,CONS,CONS,CONS,,,,,
7bb0b1aa-3195-4191-9ed8-f4ea4aa355a8,202006055,CHM0000099,CONS,CONS,CONS,,,,,
31415341-6703-4c9a-8d49-5b08e33179bf,202006056,CHM0000117,CONS,CONS,CONS,,,,,
ba9a8113-5ecd-4d8a-88d3-59f9cfaa2a09,202006057,CHM0000131,CONS,CONS,CONS,,,,,
9427d00b-d1e6-42f7-8288-9579be77bd68,202006058,CHM0000133,CONS,CONS,CONS,,,,,
4cccb44d-0050-4b61-b837-c7e10caee8b9,202006059,CHM0000137,CONS,CONS,CONS,,,,,
11b01cd0-8d4e-49f9-ad08-c971cfb064a1,202006060,CHM0000138,CONS,CONS,CONS,,,,,
e9eaedac-6123-4d7f-b83e-b0ca0cf310ad,202006061,CHM0000140,CONS,CONS,CONS,,,,,
9ed68b21-a24f-437a-90f9-943248bb20fb,202006062,VSY0000001,CONS,CONS,CONS,,,,,
969ab842-6b82-475c-b9ca-c50faf356fd5,202006063,VSY0000002,CONS,CONS,CONS,,,,,
e4733356-49a5-44be-b782-bad37a87289b,202006066,FDY0000005,CONS,CONS,CONS,,,,,
f628f79c-ee20-423c-a8ce-ba63f3a1ebf7,202006067,MBB0000061,CONS,CONS,CONS,,,,,
42cb7ffd-0d3f-4476-9897-4be6059c3ad7,202006069,CHM0000116,CONS,CONS,CONS,,,,,
129f5f26-c7b7-49a9-bff1-14bcb109b70a,202006070,RMP0000055,CONS,CONS,CONS,,,,,
2aacf841-996a-4e5b-af55-772f8232678a,202006072,PIG0000028,CONS,CONS,CONS,,,,2026-07-22 10:44:08.414957+07,migration_mkt_freight_20260722
d56d6466-0f62-41e2-a24f-51b483ef5a43,202006074,MBB0000041,CONS,CONS,CONS,,,,,
02490066-4a8c-411a-91da-b1932adf3ed9,202006075,MBB0000002,CONS,CONS,CONS,,,,,
f4e3af82-1b9f-4cc3-9bbd-f91ce99e927b,202006077,SPIN FINISH OIL,CONS,CONS,CONS,,,,2026-07-22 10:44:08.414957+07,migration_mkt_freight_20260722
4dd813d2-09f1-43c0-a3cb-1837d21dac8f,202006078,SD,CONS,CONS,CONS,,,,2026-07-20 09:00:45.617912+07,indraputro
e21cf1d0-8597-470f-bf7a-1ccbf34e5a63,202006079,CHM0000120,CONS,CONS,CONS,,,,2026-07-22 10:44:08.414957+07,migration_mkt_freight_20260722
3d4951df-0f4a-41ea-a9e5-07a5000d7a28,202006080,RMP0000053,CONS,CONS,CONS,,,,,
24750019-1200-4148-afe0-327b5a1cef61,202006081,PIG0000018,CONS,CONS,CONS,,,,2026-07-22 10:44:08.414957+07,migration_mkt_freight_20260722
7f543b6f-e865-4a34-8eea-1256052ec10e,202006084,DYE0000006,CONS,CONS,CONS,,,,2026-07-22 10:44:08.414957+07,migration_mkt_freight_20260722
7d935df4-0d80-4616-8698-797105e9e828,202006101,CONING OIL,CONS,CONS,CONS,,,,2026-07-22 10:44:08.414957+07,migration_mkt_freight_20260722
78a714f0-8b6a-430a-b0e9-a0067ffce061,202006106,BRT,CONS,CONS,CONS,,,,2026-07-20 09:01:40.065855+07,indraputro
47926ea1-fb22-4321-8a25-7467b887aef4,202007156,BLACK PEARL-4560I,CONS,CONS,CONS,,,,2026-07-22 10:44:08.414957+07,migration_mkt_freight_20260722
a88e92fa-acff-4967-87cb-ada770fc820d,202007157,BLUE MGTP-5040,CONS,CONS,CONS,,,,2026-07-22 10:44:08.414957+07,migration_mkt_freight_20260722
319620c1-a2ec-4597-a455-f6444af50cdf,202007158,BLUE MGTP-5153,CONS,CONS,CONS,,,,2026-07-22 10:44:08.414957+07,migration_mkt_freight_20260722
f33f902c-34ed-4f13-8322-642cab48cbdb,202007161,BLUE MGTS-5054,CONS,CONS,CONS,,,,2026-07-22 10:44:08.414957+07,migration_mkt_freight_20260722
43b6797f-b2c4-4381-98dc-fda256324ffa,202007165,BROWN MGTP-6101C BASF,CONS,CONS,CONS,,,,,
25e9bf9c-196a-48e9-aba3-a04f7e74e242,202007166,BROWN MGTS-6061,CONS,CONS,CONS,,,,2026-07-22 10:44:08.414957+07,migration_mkt_freight_20260722
625ce6fa-448c-486e-b3a9-ff0d439164ca,202007167,GREEN MGTP-4014,CONS,CONS,CONS,,,,2026-07-22 10:44:08.414957+07,migration_mkt_freight_20260722
1a894aaa-aaea-4016-8a75-3f0ead9da43c,202007171,GREEN MGTS-4038,CONS,CONS,CONS,,,,2026-07-22 10:44:08.414957+07,migration_mkt_freight_20260722
42724fdb-ffa2-49f6-aa6b-02ec310ca050,202007172,HELIOGEN GRUN (GREEN) K 8730 BASF,CONS,CONS,CONS,,,,,
94c58a48-c8d2-4056-bf2b-1ffe0687d904,202007173,HOMBITON LCS,CONS,CONS,CONS,,,,2026-07-22 10:44:08.414957+07,migration_mkt_freight_20260722
94d667e0-d81c-41af-8edc-b8e1147ae56a,202007176,OPTICAL BRIGHTNER-1 (FWA-393),CONS,CONS,CONS,,,,2026-07-22 10:44:08.414957+07,migration_mkt_freight_20260722
0b313df7-a431-4ed1-97cf-c4743a05b8f7,202007178,ORANGE MGTS-3066,CONS,CONS,CONS,,,,2026-07-22 10:44:08.414957+07,migration_mkt_freight_20260722
5c9c707c-3911-407d-9c4c-ab5731db75ed,202007179,ORANGE MGTS-3072,CONS,CONS,CONS,,,,2026-07-22 10:44:08.414957+07,migration_mkt_freight_20260722
73f3f322-0133-4107-80bd-b88405ddd98d,202007180,ORANGE MGTS-3105,CONS,CONS,CONS,,,,2026-07-22 10:44:08.414957+07,migration_mkt_freight_20260722
05f480d0-71e8-4128-b9bb-0dbf6aa4b4e0,202007181,PBT,CONS,CONS,CONS,,,,2026-07-22 10:44:08.414957+07,migration_mkt_freight_20260722
68e3d31f-750b-4573-b76c-03bf2523f45b,202007182,PV FAST RED BNP,CONS,CONS,CONS,,,,,
e830d8cd-c26c-4f76-9a87-314d360c6a05,202007184,"POLY. IRON STONE MG-TR-120 LOT.A-3524 B, S.CODE : S6033F",CONS,CONS,CONS,,,,,
e9cf495a-4296-48b3-b552-0c6d8f337758,202007185,RED MGTP-3206,CONS,CONS,CONS,,,,,
ea5faec4-eb93-496a-a725-e0bb334adfd6,202007186,RED MGTS-3440,CONS,CONS,CONS,,,,2026-07-22 10:44:08.414957+07,migration_mkt_freight_20260722
87c48292-8a1e-4f7d-ab1c-1db31556ebfc,202007188,RED MGTP-3221,CONS,CONS,CONS,,,,2026-07-22 10:44:08.414957+07,migration_mkt_freight_20260722
25c2efeb-fd3e-4fb8-83d6-8f7e51c47f71,202007190,RED MGTP-3221 BASF,CONS,CONS,CONS,,,,,
2bd22794-903d-48c6-9230-8118fcc3293f,202007191,RED MGTP-3221 CLA,CONS,CONS,CONS,,,,,
6a702a27-cf5d-42bc-b75d-f4a151d939bc,202007192,RED MGTP-3265,CONS,CONS,CONS,,,,2026-07-22 10:44:08.414957+07,migration_mkt_freight_20260722
a1cd3817-af4d-44cf-a8e5-ffe114e428b9,202007193,RED MGTS 3059,CONS,CONS,CONS,,,,2026-07-22 10:44:08.414957+07,migration_mkt_freight_20260722
1fb50b90-63b9-4074-9d20-cb71ae913568,202007194,RED MGTS-3144,CONS,CONS,CONS,,,,2026-07-22 10:44:08.414957+07,migration_mkt_freight_20260722
636dcb90-2923-49c5-b8d2-a214b6bdd5fb,202007195,RED MGTS-3210,CONS,CONS,CONS,,,,2026-07-22 10:44:08.414957+07,migration_mkt_freight_20260722
35facaa2-1a8f-41ff-85bb-11b501b576fb,202007196,RED MGTS-3216,CONS,CONS,CONS,,,,2026-07-22 10:44:08.414957+07,migration_mkt_freight_20260722
8ca1960e-9814-4861-a2eb-e56a2074c51c,202007199,TIO2 LWS-100,CONS,CONS,CONS,,,,,
24e707e5-af78-4ee5-8d23-95598e4af632,202007200,VIOLET MGTD-5073,CONS,CONS,CONS,,,,2026-07-22 10:44:08.414957+07,migration_mkt_freight_20260722
88cc233a-e6d5-4717-be14-6880cd7aee19,202007201,VIOLET MGTS-5017,CONS,CONS,CONS,,,,2026-07-22 10:44:08.414957+07,migration_mkt_freight_20260722
a8495860-c151-4de6-951e-6365639c7ca5,202007202,VIOLET MGTS-5019,CONS,CONS,CONS,,,,2026-07-22 10:44:08.414957+07,migration_mkt_freight_20260722
3fa2f697-3bbd-44f1-bf70-06e08df613bd,202007203,VIOLET MGTS-5062,CONS,CONS,CONS,,,,2026-07-22 10:44:08.414957+07,migration_mkt_freight_20260722
a75f29fe-5f86-431a-8cb3-84cf4afdfd8b,202007204,YELLOW MGTP-2159,CONS,CONS,CONS,,,,2026-07-22 10:44:08.414957+07,migration_mkt_freight_20260722
893d6ca1-7f4a-4ce7-8d2e-65b432987165,202007205,YELLOW MGTP-2159 BASF,CONS,CONS,CONS,,,,,
14f46a54-9569-4b87-a133-57c78964c6e4,202007207,YELLOW MGTP-2195 BASF,CONS,CONS,CONS,,,,2026-07-22 10:44:08.414957+07,migration_mkt_freight_20260722
83896611-3a90-4ace-85b3-0c138a597fd0,202007208,YELLOW MGTP-2197 BASF,CONS,CONS,CONS,,,,,
1e9f7990-ee83-4841-af0d-ee5c56dc0b32,202007209,YELLOW MGTS-2038,CONS,CONS,CONS,,,,2026-07-22 10:44:08.414957+07,migration_mkt_freight_20260722
a40cd266-c83a-4e30-bdec-c92ffdea5807,202007210,YELLOW MGTS-2039,CONS,CONS,CONS,,,,2026-07-22 10:44:08.414957+07,migration_mkt_freight_20260722
e3c22152-cfef-436c-b2c3-bca481aa72f9,202007211,YELLOW MGTS-2105,CONS,CONS,CONS,,,,2026-07-22 10:44:08.414957+07,migration_mkt_freight_20260722
6b57605f-2177-4090-8fbf-1ae471492cd8,202007212,YELLOW MGTS-2120,CONS,CONS,CONS,,,,2026-07-22 10:44:08.414957+07,migration_mkt_freight_20260722
f0ece2ac-1d5e-45ba-9979-85387fb18ff8,202007213,YELLOW MGTS-2155,CONS,CONS,CONS,,,,2026-07-22 10:44:08.414957+07,migration_mkt_freight_20260722
25990272-c0b1-4ea5-bb2d-c01b99de5b35,202007214,YELLOW MGTS-2170,CONS,CONS,CONS,,,,2026-07-22 10:44:08.414957+07,migration_mkt_freight_20260722
380963b6-14a4-4b84-a406-da4f669295bc,202007215,YELLOW MGTS-2173,CONS,CONS,CONS,,,,2026-07-22 10:44:08.414957+07,migration_mkt_freight_20260722
d876926a-f494-4a9e-9cbd-f4f07c28a31e,202007591,ANTIBACTERIAL MASTERBATCH PES9,CONS,CONS,CONS,,,,2026-07-22 10:44:08.414957+07,migration_mkt_freight_20260722
25a6e6e3-b62f-4a39-b0c8-3de347ecc89e,202007592,BIO DEGRADABLE MASTERBATCH ECM MASTERBATCH PELLETS ECM6.0404,CONS,CONS,CONS,,,,,
c7317bc5-f2a9-4304-9054-bf64449cec75,202007593,BLUE MGTP-5153 BASF,CONS,CONS,CONS,,,,,
dee560b5-8c65-4bb8-b221-0fbe2a05dfa6,202007594,BLUE MGTP-5153-CLA,CONS,CONS,CONS,,,,2026-07-22 10:44:08.414957+07,migration_mkt_freight_20260722
f732e16b-df14-4a2c-affd-279a8fd11295,202007595,CESA FLAM XP8476NH LOT NO. BR0864,CONS,CONS,CONS,,,,,
3001c300-0c8f-4b23-aa24-585b93762b43,202007596,CESA-FLAM NBA0425100,CONS,CONS,CONS,,,,,
2c48dd7e-fa50-4f7f-b12e-eb3a0bc7bd24,202007597,"CHEDDAR YELLOW BR-MGT-TR-1003 CP, TN02561",CONS,CONS,CONS,,,,,
b1818565-e165-4273-9098-4f775db0b394,202007598,"EMERALD GREEN TR632 CP, TG 12288",CONS,CONS,CONS,,,,,
17d9cd42-847b-4f55-b8a5-277dc25738f7,202007599,FULL DULL BLACK TBF88,CONS,CONS,CONS,,,,2026-07-22 10:44:08.414957+07,migration_mkt_freight_20260722
45e588b4-5caa-4eb5-b008-478616625990,202007600,GREEN MGTP-4014-CLA,CONS,CONS,CONS,,,,,
05d26e0f-2624-419c-8ef8-8aa78777e6f7,202007601,"HIPERSPIN EH SSI 509 DARK RED 1114 (FEHRD1114, PES-8818E)",CONS,CONS,CONS,,,,2026-07-22 10:44:08.414957+07,migration_mkt_freight_20260722
b4291ab2-28d7-41c4-8489-ce0c63f4a6ed,202007602,"HIPERSPIN EH SUJ 1114 DARK RED 1309 (FEHRD1309, PES-122088)",CONS,CONS,CONS,,,,2026-07-22 10:44:08.414957+07,migration_mkt_freight_20260722
17015552-b015-4017-b850-a879f8776a5e,202007603,"HIPERSPIN EH SUJ DOT 032 NAVY BLUE 1190 (FEHBL1190, PES-12953G)",CONS,CONS,CONS,,,,2026-07-22 10:44:08.414957+07,migration_mkt_freight_20260722
cb8cf432-d0a2-44d7-ada4-f60c7402f192,202007604,"HIPERSPIN ET MGT-TR-1172 P EIFFEL GREY 3763, PES-16498E, FETGR3763",CONS,CONS,CONS,,,,2026-07-22 10:44:08.414957+07,migration_mkt_freight_20260722
bbaca9b4-aff9-4894-9cc6-8127e59170c0,202007605,"HIPERSPIN ET MGT-TR-1174 P FLINT GREY 3767, PES-16499D, FETGR3767",CONS,CONS,CONS,,,,2026-07-22 10:44:08.414957+07,migration_mkt_freight_20260722
14157302-2cc0-4423-b667-25b3dc20ffba,202007606,"HIPERSPIN ET MGT-TR-1175 P MULCH GREY 3765, PES-16500E, FETGR3765",CONS,CONS,CONS,,,,2026-07-22 10:44:08.414957+07,migration_mkt_freight_20260722
19ec4da6-ab05-4a2b-9d0d-b5706786b800,202007607,"HIPERSPIN ET MGT-TR-321-P, WHEAT BEIGE 2456, PES.4266A",CONS,CONS,CONS,,,,2026-07-22 10:44:08.414957+07,migration_mkt_freight_20260722
fa8952da-1ba5-4c2e-bf45-ac7742d1f6ef,202007608,"HIPERSPIN ET MGT-TR-341-P PALM GREY 1965 (FETGR 1965, PES-5809H)",CONS,CONS,CONS,,,,2026-07-22 10:44:08.414957+07,migration_mkt_freight_20260722
6d87aa5a-2ac3-47c1-b350-93ebab6229aa,202007609,"HIPERSPIN ET MGT-TR-347-P YELLOW 1693 (FETYL 1693, PES-6574E)",CONS,CONS,CONS,,,,2026-07-22 10:44:08.414957+07,migration_mkt_freight_20260722
e8a5cf36-1973-407b-9d60-3516e0431ac8,202007610,"HIPERSPIN ET MGT-TR-348P IVY GREY 1928 (FETGR 1928, PES-5718E)",CONS,CONS,CONS,,,,2026-07-22 10:44:08.414957+07,migration_mkt_freight_20260722
c2b49b7c-c62d-4899-b120-722cc4d92d2f,202007611,"HIPERSPIN ET MGT-TR-350P ACCORD GREY 1929 (FETGR 1929, PES-5719A)",CONS,CONS,CONS,,,,2026-07-22 10:44:08.414957+07,migration_mkt_freight_20260722
f468c9cf-f8d7-44fe-b0ce-4025eaf611ad,202007612,"HIPERSPIN ET MGT-TR-377-P GREEN 1892 (FETGN 1892, PES-6015E)",CONS,CONS,CONS,,,,2026-07-22 10:44:08.414957+07,migration_mkt_freight_20260722
42db1263-e078-4186-aed5-be4261def2f9,202007613,"HIPERSPIN ET MGT-TR-398P ASH BROWN 3569, FETBN-3569, PES-6903-A",CONS,CONS,CONS,,,,2026-07-22 10:44:08.414957+07,migration_mkt_freight_20260722
5f305b29-bf4b-4358-93b4-9c4a4193746a,202007614,"HIPERSPIN ET MGT-TR-490-P LILY WHITE 1234 (FETWT1234, PES-8656D)",CONS,CONS,CONS,,,,2026-07-22 10:44:08.414957+07,migration_mkt_freight_20260722
8b0cf493-7266-44db-bca0-d5dece3534d8,202007615,"HIPERSPIN ET MGT-TR-645-P NAVY 4048 (FETBL4048, PES-12250D)",CONS,CONS,CONS,,,,2026-07-22 10:44:08.414957+07,migration_mkt_freight_20260722
2c420f79-5b9b-45ac-888c-8305d77a7b12,202007616,"HIPERSPIN ET MGT-TR-646-P LUNAR GREY 3137 (FETGR3137, PES-12251G)",CONS,CONS,CONS,,,,2026-07-22 10:44:08.414957+07,migration_mkt_freight_20260722
b86b401c-2edc-45bf-8287-b0810781ba9b,202007617,"HIPERSPIN ET MGT-TR-653-P KENARI GOLD 2355 (FETYL2355, PES-12344-M)",CONS,CONS,CONS,,,,2026-07-22 10:44:08.414957+07,migration_mkt_freight_20260722
ef71b0bb-8023-4457-a402-23acfb556612,202007618,HOMBITAN LCS,CONS,CONS,CONS,,,,2026-07-22 10:44:08.414957+07,migration_mkt_freight_20260722
5c80b66a-9d12-4d1f-9ae8-695c45cbfbd3,202007619,LICOWAX-E,CONS,CONS,CONS,,,,2026-09-04 13:43:12.25297+07,admin
d6e8801a-43ad-4e57-9bba-3cce890a8463,202007620,MASTERBATCH BEIGE-MD TR-46CP (TY10258 WITH 1% DOSAGE PBT BASE),CONS,CONS,CONS,,,,,
a92b5321-c7d2-434f-a003-88f0745f6673,202007621,MASTERBATCH BLACK BK/07/103,CONS,CONS,CONS,,,,,
94b21fc5-522f-4d10-8049-c68524e1e519,202007622,"MASTERBATCH INK GREY AT, MGT-TR-436C, TAR-121719-13",CONS,CONS,CONS,,,,,
aeaf7fc6-9935-415a-a7f2-a46b60e29dad,202007625,MASTERBATCH POLY. BLACK 703C CODE : S7702F,CONS,CONS,CONS,,,,,
6f665699-3914-4402-a4f5-c825fee57202,202007626,MASTERBATCH TEAK BROWN TR-63CP (TN 21994),CONS,CONS,CONS,,,,,
9803608e-5f2a-4b6a-ae2d-13997a929442,202007627,"MASTERBATCH WILD VIOLET , BR-MGT-TR-710CP, DEV. CODE: TV492A",CONS,CONS,CONS,,,,,
8ef68cad-56ba-442e-abd1-3a584986d51d,202007628,MASTERBATCHES 25481-F1 NATURAL AMERICHEM,CONS,CONS,CONS,,,,,
0a212147-18fa-4581-967c-84332bf01b2f,202007629,"MASTERBATCHES 28429-F1 NAT (AMERICHEM), D-6811-K",CONS,CONS,CONS,,,,,
de5616f4-48b0-4092-a52c-2190a2133bb2,202007630,"MASTERBATCHES 28550-F1 NAT (AMERICHEM), LOT. 11813",CONS,CONS,CONS,,,,,
56342141-8319-4b06-a9b6-238672951de7,202007631,"MASTERBATCHES PBT 10550-Z1-400 NAT (AMERICHEM), 75QG2R-1-70806",CONS,CONS,CONS,,,,,
f098b4c3-ed70-4f5c-84d3-d30b248bf581,202007632,"MASTERSPIN PA BLACK ENOKI BK-7244 00121 (MPC-04362C,MTPSBLK00121)",CONS,CONS,CONS,,,,,
36393131-40ce-4776-980e-833b1b38408f,202007633,MGT ARYA RD-3041-R,CONS,CONS,CONS,,,,,
4f26af7b-d738-415a-8d6f-8d89961fa6fd,202007634,PE BIEGE 8118,CONS,CONS,CONS,,,,,
3da682de-301a-42ba-870d-e45b9737ed1a,202007635,PE BIEGE AD 264,CONS,CONS,CONS,,,,,
ace777a1-2360-42df-8d25-3efdc64ba29a,202007636,PE GREEN 5056,CONS,CONS,CONS,,,,,
d64f6120-2d0a-4173-95d3-8e003ee82fdb,202007637,PE OPTICAL 0132,CONS,CONS,CONS,,,,,
4d114a01-ee8b-4233-a366-08c600e032a1,202007638,PE OPTICAL 0135,CONS,CONS,CONS,,,,,
40baa051-cc4f-4d6f-bafa-19e73b702e1f,202007639,PE ORANGE 3111 (F),CONS,CONS,CONS,,,,,
8cfcd083-c3af-4f05-91af-948619384754,202007640,PE RED 3081,CONS,CONS,CONS,,,,,
9579fef1-7dd4-4cd6-bfdc-ed4104ea6db3,202007641,PE WHITE DIOX 0147,CONS,CONS,CONS,,,,,
f2968145-6712-4faa-a7a7-4b8d511df9e0,202007642,PE YELLOW 2068,CONS,CONS,CONS,,,,,
6502c971-4ca9-4cdd-86d0-c8e3dd070d6a,202007643,PET BLACK F186 BMDTP,CONS,CONS,CONS,,,,,
ce10bd60-7406-4434-902c-845e8e07b984,202007644,PET FR MB-07-2001 MGT CODE S0895A (PHOSPHORUS ACTIVE CONTENT. 10%),CONS,CONS,CONS,,,,,
b8241328-f446-4c0f-8565-7db759799357,202007645,PET MASTERBATCH LOT. S-5812-A-8091,CONS,CONS,CONS,,,,,
9db778d5-1bc2-4ad2-b7ee-4468c89440de,202007646,"POLY DOPE GREY TR-267-MGT A-6122B, S.CODE : S7129F",CONS,CONS,CONS,,,,,
eefa36c3-6c84-45c1-a3f6-ae99c6f4a7f6,202007647,"POLY FF NEW ORANGE KAMI TR-253 MGT, DEV.NO. A-5385, PRODUCT CODE S33286F",CONS,CONS,CONS,,,,,
bbf07182-eddf-4626-8cd5-227d9a3d41f1,202007648,"POLY RED 3070 MGT, DEV NO. J-9459-C, S.CODE : S33430F",CONS,CONS,CONS,,,,,
018a76d3-2b15-42cc-95fe-16287fcd1122,202007649,"POLY. ARMOR GREY TR-411-MGT, A-10349-A, SCODE : S7231F",CONS,CONS,CONS,,,,,
230550a7-cf36-46e3-ac71-4bd1c3f02e7a,202007650,"POLY. ATHENA BEIGE TR-463-MGT, A-12185-A, SCODE : S6515F",CONS,CONS,CONS,,,,,
36e7e602-d03d-4bf8-8621-a38a9935f584,202007651,POLY. BLACK 701 S,CONS,CONS,CONS,,,,,
abe8151e-0de5-497a-93ae-77641d6f5028,202007652,"POLY. BORDO MAROON TR-1005 MGT R-2, S33294F",CONS,CONS,CONS,,,,,
5f5ecdf3-a5bf-4f9a-8863-4cc4d1ab737a,202007653,POLY. BOTTLE GREEN M-044 S0498F,CONS,CONS,CONS,,,,,
bc7600cb-e9f9-4430-90de-7958f38f6e41,202007654,"POLY. BR. COFFEE TR-367-MGT, A-9827-A, SCODE : S6499F",CONS,CONS,CONS,,,,,
3d7fa983-eb80-40da-86a3-95757fa9486c,202007655,"POLY. BR. GREY TR-370-MGT, A-9832-B, SCODE : S7197F",CONS,CONS,CONS,,,,,
86b4c6df-db41-46de-a512-87a37c466407,202007656,POLY. BRIGHT OB MGT CODE : S0854A,CONS,CONS,CONS,,,,,
eb83c989-97af-4e43-b022-09a9bad61d52,202007657,POLY. CAFE BROWN TR-41-MGT SO CODE : S6885F,CONS,CONS,CONS,,,,,
adb4920c-746b-4b87-867d-c80c4c72ff8c,202007658,POLY. DARK BROWN TR-01 MGT (A) CODE : S6796F,CONS,CONS,CONS,,,,,
1f59b5ba-6092-4dcb-a770-55324711cc79,202007659,POLY. DARK BROWN TR-01 MGT (B) CODE. S6796F,CONS,CONS,CONS,,,,,
80041153-e4fe-4538-a601-4c737bc4d914,202007660,POLY. FENDI GREEN TR-33 MGT SO CODE : S4612F,CONS,CONS,CONS,,,,,
1d294a83-c204-439b-bc37-f4c55c341777,202007661,"POLY. FENDI GREEN TR-33-MGT-D LOT. A-2059-A, CODE : S4629F",CONS,CONS,CONS,,,,,
6f48764e-7e0b-4966-b88b-03875558cb6d,202007662,"POLY. GLOW MAROON TR-363-MGT, A-9738-B, SCODE : S3978F",CONS,CONS,CONS,,,,,
cb585ab5-9f68-40fc-8064-6d0d100f4d39,202007663,"POLY. GOLD BEIGE TR-368-MGT, A-12854, SCODE : S6544F",CONS,CONS,CONS,,,,,
ed03176e-db42-45f9-babc-5b9d276c284b,202007664,"POLY. GRASS GREEN TR-376-MGT, A-9935-A, SCODE : S4017F",CONS,CONS,CONS,,,,,
662397b3-f94b-4383-8ba4-935dc7a95b96,202007665,"POLY. GREY FOG TR-340-MGT-F, SF-3922, SCODE : S7203F",CONS,CONS,CONS,,,,,
96e4f81b-6d96-4e2e-ba53-fc057b0f508c,202007666,POLY. HIGH SPEED BLACK 544 CODE : S7819F,CONS,CONS,CONS,,,,,
776506a0-3a7c-4296-a211-6aa65a113a52,202007667,"POLY. JELL BEIGE TR-365-MGT, A-9754-B, S.CODE : S6371F",CONS,CONS,CONS,,,,,
59a6fc6b-d9b4-4f77-9962-1b2d266a4b8b,202007668,"POLY. JEWEL BLUE TR-291-MGT, A-6762B, S.CODE : S5116F",CONS,CONS,CONS,,,,,
7e9df6ab-65b9-4beb-97f3-4bd820e60080,202007669,"POLY. LEMON YELLOW TR-175-MGT, A-4432, S CODE : S2625F",CONS,CONS,CONS,,,,,
ba849aa2-0459-4357-b6e9-7238a280eb1d,202007670,POLY. LIGHT BROWN TR-02 MGT CODE : S6797F,CONS,CONS,CONS,,,,,
865e73fb-3871-4a7a-99c9-825a4e39fb8e,202007671,"POLY. LIGHT FAWN TR-34-MGT-D LOT.A-2060-A, S.CODE : S6928F",CONS,CONS,CONS,,,,,
e0175d37-278a-43de-a47f-6166de542fa7,202007672,"POLY. LILAC PURPLE TR-242-MGT, A-5220-A, S CODE : S5994F",CONS,CONS,CONS,,,,,
2fc8f5aa-4313-4c5d-8e5f-b1254d97addb,202007673,"POLY. LT. STEEL GREY TR-51-MGT LOT. A-2138B, S CODE : S7881F",CONS,CONS,CONS,,,,,
5073a247-f138-41a6-a3b0-e7c2f3ccb41e,202007674,POLY. MANGO-2W-90-MGT-A-1814 S2464F,CONS,CONS,CONS,,,,,
66c6672d-1c05-4751-bad1-36fc410009ff,202007675,POLY. MARTHA BROWN TR-04 MGT CODE : S6798F,CONS,CONS,CONS,,,,,
2a7270e6-5e24-4cad-88b0-1f7a895ea4d5,202007676,"POLY. MOSTARDA YELLOW TR-35-MGT-D,LOT.A-2061-A, S.CODE: S2499F",CONS,CONS,CONS,,,,,
245c3a69-a970-4670-897f-14257f9116d3,202007677,POLY. MT RED MGT-R A-8562 S.CODE : S3888F,CONS,CONS,CONS,,,,,
b2e74ff3-c4a7-4f18-8e37-a4002d68a738,202007678,POLY. NAVY BLUE BPL-MGT-A-1811 S5793F,CONS,CONS,CONS,,,,,
3ca1666e-a562-4f5a-932e-c992e351978d,202007679,"POLY. NEW BORDO MAROON TR-1005 MGT R-1, S33293F",CONS,CONS,CONS,,,,,
c3b78408-4ceb-4db9-953a-15a4802cd7bd,202007680,"POLY. NEW JWEL BLUE TR-291 MGT, S-50438-F",CONS,CONS,CONS,,,,,
ee7c7bc7-4bc1-4162-9762-3cb5718eb503,202007681,"POLY. OPTICAL WHITE GF MSR CODE : P1900C, S0827F",CONS,CONS,CONS,,,,,
53170555-8f66-4bc6-aa53-b2960d437a78,202007682,"POLY. PEARL BLACK TR-420-MGT, A-10634-A, SCODE : S7213F",CONS,CONS,CONS,,,,,
fed745a9-382f-450d-818f-13a2f491295b,202007683,MBC0000083,CONS,CONS,CONS,,,,,
a0cffc1e-3bd7-420b-a826-d4d5d2fcb09f,202007684,"POLY. PUNCH BLUE TR-801 MGT, J-5752A , S.CODE : S50530F",CONS,CONS,CONS,,,,,
d361af6a-c16b-4c3b-a886-923dffa6be2a,202007685,"POLY. RED ALERT TR-252-MGT, A-5392, S CODE : S3749F",CONS,CONS,CONS,,,,,
cf974d60-718f-4630-bb43-9966265349af,202007686,"POLY. SAND BEGE TR-232-MGT, A-5008A, S CODE : S6162F",CONS,CONS,CONS,,,,,
f133b4f8-1525-4a97-8cf5-00d0900af2d2,202007687,"POLY. SUNNY YELLOW TR-465-MGT, A-12180-A, SCODE : S2917F",CONS,CONS,CONS,,,,,
433f45d3-5cc9-4ebb-a902-df1c34c3db74,202007688,POLY. SUPER BRIGHT PES AC CODE : S0801F,CONS,CONS,CONS,,,,,
5f2db149-8485-4aeb-b5c6-31e78c77e5d5,202007689,"POLY. SUPER BRIGHT PES-52 MS CODE : P1934, S0830F",CONS,CONS,CONS,,,,,
00ed7108-9104-4534-8c51-ec3a0d7b44aa,202007690,"POLY. SWEET BROWN TR-390-MGT, A-10176-A, SCODE : S6410F",CONS,CONS,CONS,,,,,
1a2838a8-da47-494e-af95-529eed0589cd,202007691,"POLY. WHITE 180, CODE S8076F",CONS,CONS,CONS,,,,,
3983e68e-2ed5-4972-b567-66e55d0dc220,202007692,"POLY. WINE RED TR-154-MGT, A-3820-A, S CODE: S3670F",CONS,CONS,CONS,,,,,
cd173d26-acbf-4019-944a-f08e22030569,202007694,"POLY.PAPILLONRED TR-136-MGT-R, A-4022A, S CODE : S3744F",CONS,CONS,CONS,,,,,
fdf2d525-2bae-4d7c-9777-129d58f28415,202007695,PRE MB-22 FR4-PBT BASE-40.000 PPM (IKV GERMANY),CONS,CONS,CONS,,,,,
e7916c9d-9652-4387-aa0b-1bd70ff4211b,202007696,PRE MB-23 FR5-PBT BASE-54.000 PPM (IKV GERMANY),CONS,CONS,CONS,,,,2026-07-22 10:44:08.414957+07,migration_mkt_freight_20260722
0b6e7c3c-4439-46ae-882c-0ac77e710462,202007697,RENOL TAR 105032-08 DOSAGE : 3% IN PET/SD 2.27DPF,CONS,CONS,CONS,,,,,
27fc4439-dca4-4b90-9500-919dfa7a41fe,202007698,RENOL TAR 105033-08 DOSAGE : 3% IN PET/SD 3.125DPF,CONS,CONS,CONS,,,,,
d255527d-38b8-40c6-8bd9-4e903ee249c8,202007699,"RENOL-BLACK NCU-NE, CODE : NE9NCU12020, CARBON 30% PET BASE",CONS,CONS,CONS,,,,,
577e44b8-d0d1-498d-8b64-4bc0ecc8ca0d,202007700,RENOL-WHITE,CONS,CONS,CONS,,,,,
7b1a3f37-0990-4e48-b997-ea6a5b846e72,202010594,RED MGTP 3127,CONS,CONS,CONS,,,,2026-07-22 10:44:08.414957+07,migration_mkt_freight_20260722
0d6ce92b-772b-4577-8b0a-61bb642b6e38,202011601,SPD0000003,CONS,CONS,CONS,,,,,
c47f1eb0-b532-4067-9592-759968d38dcc,202011603,SPD0000005,CONS,CONS,CONS,,,,,
fc77b217-ee42-497d-b10c-13729c069e77,202011604,SPD0000006,CONS,CONS,CONS,,,,2026-07-22 10:44:08.414957+07,migration_mkt_freight_20260722
50813be4-742b-4fcc-8a2d-6ef67cd8fc8b,202011605,SPD0000007,CONS,CONS,CONS,,,,2026-07-22 10:44:08.414957+07,migration_mkt_freight_20260722
41168893-50f0-4160-bca6-ff9f0fab02c7,202011606,SPD0000008,CONS,CONS,CONS,,,,2026-07-22 10:44:08.414957+07,migration_mkt_freight_20260722
01a2857c-521d-4053-8a65-372d44c94bb0,202106612,PET RESIN,CONS,CONS,CONS,,,,,
9130650b-2542-498a-be4f-16958abb5255,202108613,DYE0000045,CONS,CONS,CONS,,,,2026-07-22 10:44:08.414957+07,migration_mkt_freight_20260722
8de58602-bf89-474f-b0a9-3cc06650a6ea,202109614,MBC0000274,CONS,CONS,CONS,,,,2026-07-22 10:44:08.414957+07,migration_mkt_freight_20260722
072c1183-e109-46ae-b361-52ea4c0e25f7,202109615,MBC0000251,CONS,CONS,CONS,,,,2026-07-22 10:44:08.414957+07,migration_mkt_freight_20260722
e496a48a-f6ac-4113-823f-aed7dc0c0e1b,202109616,YELLOW MGTS-2115,CONS,CONS,CONS,,,,2026-07-22 10:44:08.414957+07,migration_mkt_freight_20260722
34aab5a7-67e1-48c0-8e96-6805e9677968,202111617,CHM0000155,CONS,CONS,CONS,,,,,
1d492812-df75-499d-85ed-cf1f201c98d9,202111618,POLY MAIZE YELLOW,CONS,CONS,CONS,,,,,
5e078342-313e-48f4-8e87-73bba955ba25,202111619,POLY CARROT ORANGE,CONS,CONS,CONS,,,,,
93e46c77-e76f-4f8a-92ec-e4c20ea4d309,202112620,ENIGMA BK AT-7431,CONS,CONS,CONS,,,,,
c71223dc-9eba-44c7-b4e0-c6645fdecaf5,202201621,MASTERSPIN PS PARIS 00842,CONS,CONS,CONS,,,,,
c3585eec-ad8c-4693-bf2b-5570c9d8df90,202204625,MBB0000085,CONS,CONS,CONS,,,,,
5e617c56-f73a-4eb1-bf0a-6b37b478006b,202205626,MBC0000286,CONS,CONS,CONS,,,,2026-07-22 10:44:08.414957+07,migration_mkt_freight_20260722
af236933-d486-4001-ae2b-522307900bc1,202207627,RMP0000067,CONS,CONS,CONS,,,,,
739a449f-da36-4f82-a72c-f6d55c3aeff6,202208631,RMP0000065,CONS,CONS,CONS,,,,2026-07-22 10:44:08.414957+07,migration_mkt_freight_20260722
7c49ce99-b517-45c1-9328-841c2eb3bebc,202208632,RMP0000064,CONS,CONS,CONS,,,,2026-07-20 09:02:43.663146+07,indraputro
60c23c99-a622-451f-940a-3c8f8bde89f5,202209633,RMP0000037,CONS,CONS,CONS,,,,2026-07-22 10:44:08.414957+07,migration_mkt_freight_20260722
5e25dba9-fc58-4b32-9e33-8b8d90aa1e2d,202209634,FDY 50/36,CONS,CONS,CONS,,,,,
ba29c566-cfb6-4b54-a5d3-3fc24631e453,202209635,IRGASTAB 8201P,CONS,CONS,CONS,,,,,
3bc87866-1e32-4a04-afcb-2092e5ad0f00,202209636,FORTUNE GY AT-7433,CONS,CONS,CONS,,,,,
45a96184-7242-4671-aebb-08cfe394f913,202209639,POY 250/48 BSD,CONS,CONS,CONS,,,,,
16ea72ef-5209-49b1-bd70-44bf0f0dfc90,202209640,POY 250/48 SD,CONS,CONS,CONS,,,,2026-07-20 09:03:05.788228+07,indraputro
f8221801-cafc-40fb-b93a-99ee0e5a217f,202209645,RMP0000075,CONS,CONS,CONS,,,,2026-07-20 09:04:00.101507+07,indraputro
9be4b1a2-ba8e-4f2f-9d7e-582d6735889d,202210646,500/96 SD,CONS,CONS,CONS,,,,2026-07-22 10:44:08.414957+07,migration_mkt_freight_20260722
7863e3cd-c21a-43a7-8a9d-3537ba186e37,202211648,MBC0000186,CONS,CONS,CONS,,,,2026-07-22 10:44:08.414957+07,migration_mkt_freight_20260722
e1f71fb4-db4c-46df-b2de-5a4216157f4f,202211650,MBC0000287,CONS,CONS,CONS,,,,2026-07-22 10:44:08.414957+07,migration_mkt_freight_20260722
e6621ccb-5816-482b-b8fa-de8cc02929d1,202211651,RED MGTP-3149C,CONS,CONS,CONS,,,,,
354fbf7a-e9c1-4dc6-8f99-c7fae7a05ebc,202212653,160/96 SD,CONS,CONS,CONS,,,,2026-07-20 09:04:34.584066+07,indraputro
052b08ae-f24d-446d-b6c5-f80445e25c50,202212655,RMT0000010,CONS,CONS,CONS,,,,,
d4a0b3e9-0c64-45bf-b58a-670ddd11ac75,202301661,RMT0000004,CONS,CONS,CONS,,,,2026-07-22 10:44:08.414957+07,migration_mkt_freight_20260722
ca2b07d4-1eee-45e7-8208-bfead7d79515,202302664,RED MGTS-3235,CONS,CONS,CONS,,,,2026-07-22 10:44:08.414957+07,migration_mkt_freight_20260722
770a7ac9-dbea-4d87-a144-63f11e9ff05a,202302665,MGT LIGHT COLOUR,CONS,CONS,CONS,,,,,
b5ea0e04-5187-41c7-a3c6-af9e10ac2457,202302666,MGT MEDIUM COLOUR,CONS,CONS,CONS,,,,,
8497d915-af35-416f-bfbe-f30d0eada466,202302667,MGT DARK COLOUR,CONS,CONS,CONS,,,,,
562520da-21fd-419f-bc43-c402605fc782,202302668,MGT EXTRA DARK COLOUR,CONS,CONS,CONS,,,,,
94f065d8-48d0-4416-a9eb-69e1fff6d058,202302669,NPY0000018,CONS,CONS,CONS,,,,,
b61e41a2-9e6b-4b8f-a04c-70dba53dbd0f,202302672,NPY0000001,CONS,CONS,CONS,,,,2026-07-22 10:44:08.414957+07,migration_mkt_freight_20260722
dbe405d7-c70f-493e-abde-22b35c102a9b,202303675,BLANC FIXE HXM,CONS,CONS,CONS,,,,,
7f6d72d3-9402-4d7b-b898-2b567661077a,202303677,MBC0000291,CONS,CONS,CONS,,,,,
d3760a31-e6ce-4d5e-8ab2-ff5b616d6209,202303681,RMP0000087,CONS,CONS,CONS,,,,2026-07-22 10:44:08.414957+07,migration_mkt_freight_20260722
d9f93624-6cd3-4ff0-a07f-df6d1cbfdbc3,202304683,RMP0000069,CONS,CONS,CONS,,,,2026-07-20 09:04:56.858085+07,indraputro
a8e687db-ff67-4296-8553-a3e494417e0f,202304687,MBC0000289,CONS,CONS,CONS,,,,,
5e371a04-e4fb-44e9-a44a-75b28f0ac24d,202305693,RMP0000088,CONS,CONS,CONS,,,,2026-07-22 10:44:08.414957+07,migration_mkt_freight_20260722
5939b6d7-e8ff-4f33-bb23-f688c13c6cc9,202305700,MBC0000180,CONS,CONS,CONS,,,,2026-07-22 10:44:08.414957+07,migration_mkt_freight_20260722
387a3773-d793-494c-b656-709e7bbfc438,202306703,RMT0000009,CONS,CONS,CONS,,,,,
701c7fc1-e5e9-4635-b30e-b3d4d3f6915a,202309714,DYE0000044,CONS,CONS,CONS,,,,,
e3c3367f-5399-42ae-b334-35d19cdeaa83,202310717,FDY0000021,CONS,CONS,CONS,,,,2026-07-22 10:44:08.414957+07,migration_mkt_freight_20260722
8f0756df-9148-4c63-b8c7-3eab620dd40d,202310720,MBB0000087,CONS,CONS,CONS,,,,,
e5374e6d-01cf-4dd5-915e-ba4f78ee0826,202311724,RMP0000073,CONS,CONS,CONS,,,,,
dc59df2f-9898-4315-accb-94170fd20874,202312725,FDY0000010,CONS,CONS,CONS,,,,,
ca303358-efaf-4c13-99dc-05cf942b56e2,202312726,SPM0001434,CONS,CONS,CONS,,,,,
b2ad7f0a-7932-4865-b3b1-e92b5df191c0,202312735,RMT0000024,CONS,CONS,CONS,,,,2026-07-22 10:44:08.414957+07,migration_mkt_freight_20260722
87b66979-add1-409e-aaa9-1af61ed2bd09,202312740,FDY0000013,CONS,CONS,CONS,,,,2026-07-22 10:44:08.414957+07,migration_mkt_freight_20260722
2c6eb01e-b2d4-4c57-999f-c6a7159fedf0,202401741,PIG0000051,CONS,CONS,CONS,,,,2026-07-22 10:44:08.414957+07,migration_mkt_freight_20260722
7c00bfc0-b9a0-4a5f-9e90-7c4a6cde71f0,202401742,DYE0000050,CONS,CONS,CONS,,,,,
dbac46ad-2cbb-4886-a758-4a0dfe986ca3,202401745,CHP0000040,CONS,CONS,CONS,,,,2026-07-22 10:44:08.414957+07,migration_mkt_freight_20260722
46eb77e5-32cb-440a-96f0-e89e89ea3d1c,202402756,RMP0000052,CONS,CONS,CONS,,,,2026-07-20 09:05:15.143902+07,indraputro
a2b58587-5046-446b-beb5-025aabe7f21d,202403757,RMT0000011,CONS,CONS,CONS,,,,,
5e95e3cf-36c0-45db-afe3-c8d78dfb67eb,202403758,RMT0000012,CONS,CONS,CONS,,,,,
6888b6f2-52c6-4fc4-b2b5-1a1d29c8af7a,202403759,RMP0000072,CONS,CONS,CONS,,,,2026-07-22 10:44:08.414957+07,migration_mkt_freight_20260722
0923eae9-36ca-4c0f-8dfb-b82c163f8080,202403760,DYE0000049,CONS,CONS,CONS,,,,2026-07-22 10:44:08.414957+07,migration_mkt_freight_20260722
5cbd574f-7a2a-4d84-98e1-1a87d85e4126,202403761,PE GIALLO 2028,CONS,CONS,CONS,,,,,
66bb4292-9aba-4116-ae35-19dbd3500c86,202404765,RMT0000014,CONS,CONS,CONS,,,,2026-07-22 10:44:08.414957+07,migration_mkt_freight_20260722
e3fcaf24-9422-4c3f-a215-df3fb2d71c24,202404769,RMT0000015,CONS,CONS,CONS,,,,2026-07-22 10:44:08.414957+07,migration_mkt_freight_20260722
a506ee83-aeff-4dd0-b3d9-9706a9edd5fa,202404772,RMP0000083,CONS,CONS,CONS,,,,2026-07-20 09:05:38.287934+07,indraputro
ba047551-ad1a-4e53-b2b9-31d44979d11c,202404773,FDY0000014,CONS,CONS,CONS,,,,2026-07-22 10:44:08.414957+07,migration_mkt_freight_20260722
d4a3103b-095d-4438-9f87-ee1073aa5510,202405782,FDY 250/72 BSD,CONS,CONS,CONS,,,,2026-07-22 10:44:08.414957+07,migration_mkt_freight_20260722
eccc4660-8532-4c11-9dfa-a194e63c5a8d,202408790,HOSTASTAT FE 20 LIQUID,CONS,CONS,CONS,,,,,
d1526e7b-f093-4d42-aa4a-e37ed5bb29a9,202408791,NPY0000002,CONS,CONS,CONS,,,,2026-07-22 10:44:08.414957+07,migration_mkt_freight_20260722
93e026a0-ee95-47c5-8f28-b5614f9b92d6,202409793,MBC0000293,CONS,CONS,CONS,,,,2026-07-22 10:44:08.414957+07,migration_mkt_freight_20260722
fe52b902-b790-4c4c-9ebb-e02e710bdaf4,202409794,UV MB (TURKEY),CONS,CONS,CONS,,,,,
b16b6c85-8191-45cd-b24e-59d0d7d3006c,202410797,RMT0000021,CONS,CONS,CONS,,,,,
3d8a1935-ea74-41d3-98a5-2e069c533b47,202410800,RSD-IRV,CONS,CONS,CONS,,,,,
73ee8a4f-50ee-49bb-9c75-c04d880bb071,202411803,SPD0000010,CONS,CONS,CONS,,,,2026-07-22 10:44:08.414957+07,migration_mkt_freight_20260722
88d4dde8-d72c-4642-8128-c30de053d91a,202411804,MBC0000294,CONS,CONS,CONS,,,,,
88972449-a193-4688-8082-6018b93c1464,202411805,RBR-IRV,CONS,CONS,CONS,,,,,
f8c9d2b3-5db5-4bb7-8b2d-b66101c215a4,202411806,RSD-JIAREN,CONS,CONS,CONS,,,,2026-07-22 10:44:08.414957+07,migration_mkt_freight_20260722
8dbe371c-3d31-4809-b9bb-5a49fa84aa7b,202411807,ORACET YELLOW 140 NQ,CONS,CONS,CONS,,,,,
5cbd95d0-fa2b-4805-88c6-0c523ea528e9,202411808,PALIOGEN RED K3911,CONS,CONS,CONS,,,,,
579d38a5-8883-4169-81c7-a25d47fdba27,202411810,HELIOGEN BLUE K6912FP (BASF),CONS,CONS,CONS,,,,,
13a00a9d-2eef-48a9-ae3b-8e01beeba9ac,202411811,PALIOTOL YELLOW K 18100 UL (BASF),CONS,CONS,CONS,,,,,
72fdb4fe-3a1e-4581-86c2-47f3b3dc4c0d,202411812,HELIOGEN GREEN K 8730 FP ( BASF),CONS,CONS,CONS,,,,,
430e1bbc-edc5-43bd-9c0e-1fd24767182b,202411815,MASTERSET PES 1272,CONS,CONS,CONS,,,,,
ce6bef14-3089-46ae-9430-7f65af014341,202411816,DYE0000052,CONS,CONS,CONS,,,,,
b83eea68-50a1-49a8-b586-e62659b8e0ca,202411817,DYE0000053,CONS,CONS,CONS,,,,,
71ee377f-633e-44b3-bcf6-78107bac89bb,202411818,DYE0000054,CONS,CONS,CONS,,,,,
eb0a7817-f5c6-41c5-8cf1-7054b3605e8d,202411819,DYE0000055,CONS,CONS,CONS,,,,,
937a5b79-b31f-4830-8b4a-d18028f40573,202411820,PIG0000052,CONS,CONS,CONS,,,,,
1fc4396f-fb97-4f6e-a2dc-db17b823f5bc,202412821,CINGUASIA PINK K4430 FP (BASF),CONS,CONS,CONS,,,,,
545623f1-a10d-4ecd-9109-b784824823e2,202412822,PIG0000060,CONS,CONS,CONS,,,,2026-07-22 10:44:08.414957+07,migration_mkt_freight_20260722
474078e6-5b5a-4806-b274-65caba9179ae,202412823,PIG0000061,CONS,CONS,CONS,,,,2026-07-22 10:44:08.414957+07,migration_mkt_freight_20260722
dfb29128-4e7e-4cfd-9722-fda6846362c6,202412824,PIG0000064,CONS,CONS,CONS,,,,2026-07-22 10:44:08.414957+07,migration_mkt_freight_20260722
8f3ebb7f-7946-4a2a-ac58-72c96893908b,202412825,MBC0000292,CONS,CONS,CONS,,,,2026-07-22 10:44:08.414957+07,migration_mkt_freight_20260722
7fbf75e1-61f7-4022-b22b-47f1048ff526,202502827,MBC0000295,CONS,CONS,CONS,,,,,
e517c3f6-7c06-4644-91c0-c29bc3da1c30,202503831,PALIOGEN RED K 3127 B,CONS,CONS,CONS,,,,,
3f39b8db-c5ba-443a-8836-b6291df7344e,202503832,PIG0000066,CONS,CONS,CONS,,,,2026-07-22 10:44:08.414957+07,migration_mkt_freight_20260722
09d2bd7e-7e3a-4850-a1bf-e2e914d73c57,202503833,PIG0000067,CONS,CONS,CONS,,,,2026-07-22 10:44:08.414957+07,migration_mkt_freight_20260722
5b9be6e7-7ed8-445e-8e5d-31c10466e139,202503836,RMP0000078,CONS,CONS,CONS,,,,2026-07-20 09:06:16.721973+07,indraputro
4e56f971-3ef6-4416-b57b-593ac6aa6af9,202503839,MBB0000090,CONS,CONS,CONS,,,,2026-07-22 10:44:08.414957+07,migration_mkt_freight_20260722
5521a0c6-d947-4641-84c7-d0affd7fec47,202504840,PIG0000048,CONS,CONS,CONS,,,,2026-07-22 10:44:08.414957+07,migration_mkt_freight_20260722
4283ee7f-52f8-4624-90c7-df9a99d06056,202504843,FR RSD CHIP,CONS,CONS,CONS,,,,2026-07-22 10:44:08.414957+07,migration_mkt_freight_20260722
7a9f7a9d-e831-4b6a-a851-04433f855082,202504845,ORACET YELLOW 144 FE,CONS,CONS,CONS,,,,,
bfc7e2e7-b4e1-4c70-ad2d-d2eef2770d9b,202505851,NPY0000008,CONS,CONS,CONS,,,,2026-07-22 10:44:08.414957+07,migration_mkt_freight_20260722
b5e13429-f4db-45c4-8d20-e85d9fb04f37,202505852,NPY0000009,CONS,CONS,CONS,,,,2026-07-22 10:44:08.414957+07,migration_mkt_freight_20260722
8c8ecac0-8237-4105-93f6-08697e90f9d1,202506861,UV-PES-1879-GREEN 66BT,CONS,CONS,CONS,,,,,
bd61f606-4ef7-4364-a20c-7d43b3093814,202506862,PIG0000069,CONS,CONS,CONS,,,,2026-07-22 10:44:08.414957+07,migration_mkt_freight_20260722
3627007d-fda3-4905-8582-b32da816a11b,202506863,RMP0000028,CONS,CONS,CONS,,,,2026-07-20 09:06:29.684905+07,indraputro
1e64e286-1f32-44ec-bcb6-86ffdea1049a,202506864,MBC0000299,CONS,CONS,CONS,,,,,
344ddc84-f293-4b8b-9298-265f4a0405b5,202506866,TINUVIN 1600 BASF,CONS,CONS,CONS,,,,,
f78a5ee7-3c7f-4796-bb53-3c73b307f2b1,202506867,CHM0000186,CONS,CONS,CONS,,,,2026-07-22 10:44:08.414957+07,migration_mkt_freight_20260722
86d11916-5e24-4d28-90fd-71bf396dae43,202506870,FDY 150/36/RND/SD,CONS,CONS,CONS,,,,2026-07-22 10:44:08.414957+07,migration_mkt_freight_20260722
76847759-5ab8-4f98-af6a-e9fc0b05f7b8,202508873,BLACK FR,CONS,CONS,CONS,,,,2026-07-22 10:44:08.414957+07,migration_mkt_freight_20260722
b59e2577-9cfe-4ec8-be2b-9f1aabf05959,202509874,PIG0000072,CONS,CONS,CONS,,,,2026-07-22 10:44:08.414957+07,migration_mkt_freight_20260722
fac1f1c4-4aad-4be5-a06b-a103464da567,202509875,SICOTRANS ROT K 2915,CONS,CONS,CONS,,,,,
2c7027f9-f795-423d-b327-db7d332c7556,202509880,RMT0000026,CONS,CONS,CONS,,,,,
8bd24b0b-7c71-42a8-aa44-e876c6d6bf14,202510881,PIG0000059,CONS,CONS,CONS,,,,2026-07-22 10:44:08.414957+07,migration_mkt_freight_20260722
a392056b-b66a-44fc-aa30-d2e97efbe05d,202510888,NPY0000011,CONS,CONS,CONS,,,,2026-07-22 10:44:08.414957+07,migration_mkt_freight_20260722
97dbb00d-7e59-4a11-b070-53e7c88a724e,202510891,NPY0000012,CONS,CONS,CONS,,,,2026-07-22 10:44:08.414957+07,migration_mkt_freight_20260722
ff58b704-b5be-4b38-8507-3f4d973037aa,202510892,NPY0000013,CONS,CONS,CONS,,,,2026-07-22 10:44:08.414957+07,migration_mkt_freight_20260722
caaf6d81-d64d-4da6-8374-a2dd11f44c54,202510893,NPY0000014,CONS,CONS,CONS,,,,2026-07-22 10:44:08.414957+07,migration_mkt_freight_20260722
84a1d29c-f24e-4def-ab9a-150cc1e1713c,202510894,NPY0000015,CONS,CONS,CONS,,,,2026-07-22 10:44:08.414957+07,migration_mkt_freight_20260722
0b796d23-c383-40c9-9462-df1de3133707,202510895,NPY0000016,CONS,CONS,CONS,,,,2026-07-22 10:44:08.414957+07,migration_mkt_freight_20260722
4237ba16-7231-44fb-9044-47dce0359f40,202510896,NPY0000017,CONS,CONS,CONS,,,,2026-07-22 10:44:08.414957+07,migration_mkt_freight_20260722
de678da1-cdca-455b-999d-6d39e54d7375,202511898,RMT0000027,CONS,CONS,CONS,,,,2026-07-22 10:44:08.414957+07,migration_mkt_freight_20260722
81feb4e9-5bf2-4759-b9c7-8b62c959aee1,202511899,CHIP FD,CONS,CONS,CONS,,,,2026-07-22 10:44:08.414957+07,migration_mkt_freight_20260722
b3910746-1c2a-45ef-ad75-c040e9514dfb,202511900,RMP0000093,CONS,CONS,CONS,,,,2026-07-22 10:44:08.414957+07,migration_mkt_freight_20260722
70f3e744-ff27-4f86-9f3d-f0f08594f8aa,202511901,MASTERSET PES 1336 UV-SETAS,CONS,CONS,CONS,,,,,
3375d146-c077-45b4-ae69-4eb903d82563,202511902,CHM0000190,CONS,CONS,CONS,,,,2026-07-22 10:44:08.414957+07,migration_mkt_freight_20260722
6169ffc7-fdf2-467b-b268-bec7cd275298,202511903,PIG0000071,CONS,CONS,CONS,,,,2026-07-22 10:44:08.414957+07,migration_mkt_freight_20260722
a7090180-f119-4ef0-8216-6619b162371e,202512909,MASTERSET PES 1545 (SETAS-BSD-FR),CONS,CONS,CONS,,,,,
99db419e-5ba7-4336-bc9a-66a59748296d,202601913,RMP0000091,CONS,CONS,CONS,,,,2026-07-22 10:44:08.414957+07,migration_mkt_freight_20260722
f692f315-1d2a-49b8-9fa9-0719480f5a14,202602919,RMT0000028,CONS,CONS,CONS,,,,2026-07-22 10:44:08.414957+07,migration_mkt_freight_20260722
b46c23d1-7420-41c6-9782-b3977e873253,202603924,RMP0000092,CONS,CONS,CONS,,,,2026-07-22 10:44:08.414957+07,migration_mkt_freight_20260722
c4a960aa-c4a7-4d14-b03b-156ea1d6f030,202603927,RMT0000031,CONS,CONS,CONS,,,,2026-07-22 10:44:08.414957+07,migration_mkt_freight_20260722
1dd59be9-633c-497c-b02f-25298da1dabd,202606933,RMT0000045,CONS,CONS,CONS,,,,,
51500cd4-ac88-4a27-901d-56f35440aaac,202606935,CROMAPTHAL VIOLET 5800,CONS,CONS,CONS,,,,,
0b40ea84-4d5b-4031-93cf-6d83e3c87a44,202606936,PES 1561 BLACK+ ANTIMICROBIAL,CONS,CONS,CONS,,,,,
58a57348-6afb-43f7-8c6e-cc18af2ef76a,202606937,PES 1273  WHITE ANTIMICROBIAL,CONS,CONS,CONS,,,,,
c710ca78-3f49-4f1f-8a69-15da6abe0e7a,202607941,PIG0000075,CONS,CONS,CONS,,,,,
955f3cb0-ba60-4796-962a-5f026dabf14d,202607942,PIG0000070,CONS,CONS,CONS,,,,,
