group_head_period_id,period,group_head_id,flag_valuation,flag_marketing,flag_simulation,init_val_valuation,init_val_marketing,init_val_simulation,updated_at,updated_by
fc7126d2-b7f3-4125-94f4-310b36e2e6c8,202608,00ed7108-9104-4534-8c51-ec3a0d7b44aa,CONS,CONS,CONS,,,,,
c7fd56b0-f29e-48fc-9a0b-edaad58c7713,202608,018a76d3-2b15-42cc-95fe-16287fcd1122,CONS,CONS,CONS,,,,,
b119adb4-bd30-47ec-9dbc-de870503b59a,202608,01a2857c-521d-4053-8a65-372d44c94bb0,CONS,CONS,CONS,,,,,
8076f54e-8037-463d-9ba9-c9bfec030690,202608,02490066-4a8c-411a-91da-b1932adf3ed9,CONS,CONS,CONS,,,,,
b49dba36-1c5c-4eec-b165-9027c4627a58,202608,052b08ae-f24d-446d-b6c5-f80445e25c50,CONS,CONS,CONS,,,,,
27ade36a-cdd8-4b32-bc35-f2690032b95a,202608,05d26e0f-2624-419c-8ef8-8aa78777e6f7,CONS,CONS,CONS,,,,,
09ef0bb1-add8-43cb-8431-f934927195f9,202608,05f480d0-71e8-4128-b9bb-0dbf6aa4b4e0,CONS,CONS,CONS,,,,,
a246a9fb-86b5-46ff-8c7b-8b8e7b451d8f,202608,072c1183-e109-46ae-b361-52ea4c0e25f7,CONS,CONS,CONS,,,,,
a6a14e68-f77b-4513-85be-5fff0629e639,202608,0923eae9-36ca-4c0f-8dfb-b82c163f8080,CONS,CONS,CONS,,,,,
bd6c0e4e-fc92-4acb-be10-48f3f56e9a54,202608,09d2bd7e-7e3a-4850-a1bf-e2e914d73c57,CONS,CONS,CONS,,,,,
0cb10816-2215-4860-9e37-202ebaca3a2a,202608,0a212147-18fa-4581-967c-84332bf01b2f,CONS,CONS,CONS,,,,,
e1de5505-0c95-4344-b747-3151513be98a,202608,0b313df7-a431-4ed1-97cf-c4743a05b8f7,CONS,CONS,CONS,,,,,
0b226985-cf1a-4b44-8e02-1e7dbf3cbcdd,202608,0b40ea84-4d5b-4031-93cf-6d83e3c87a44,CONS,CONS,CONS,,,,,
8f67f706-fc94-4891-b845-6dd6874f755d,202608,0b6e7c3c-4439-46ae-882c-0ac77e710462,CONS,CONS,CONS,,,,,
b540cf14-d485-4f70-829e-d5aee5944c25,202608,0b796d23-c383-40c9-9462-df1de3133707,CONS,CONS,CONS,,,,,
8f534006-97f2-493c-a474-6209a088b9f9,202608,0d6ce92b-772b-4577-8b0a-61bb642b6e38,CONS,CONS,CONS,,,,,
55b7290c-3ace-446c-a131-456a7c5f226b,202608,0f76a702-685d-4071-bc83-ff891645ff1e,CONS,CONS,CONS,,,,,
50cc8e4f-8e19-4056-a25b-d414d1e049c0,202608,0fcf96b8-83ff-447a-bbd4-788ff16d6aab,CONS,CONS,CONS,,,,,
31a922cc-178d-49f7-9a52-9293bb03e760,202608,11b01cd0-8d4e-49f9-ad08-c971cfb064a1,CONS,CONS,CONS,,,,,
1d73f211-83e4-4c3f-81cc-69d53ebe02b7,202608,129f5f26-c7b7-49a9-bff1-14bcb109b70a,CONS,CONS,CONS,,,,,
f01e18fd-1478-4bc0-a5d5-593e92ed1b1a,202608,13a00a9d-2eef-48a9-ae3b-8e01beeba9ac,CONS,CONS,CONS,,,,,
04db200d-45a2-475b-8382-57ea88b02527,202608,14157302-2cc0-4423-b667-25b3dc20ffba,CONS,CONS,CONS,,,,,
231ae97b-242d-419c-b6a2-555ded604063,202608,14f46a54-9569-4b87-a133-57c78964c6e4,CONS,CONS,CONS,,,,,
438180e1-e495-44dc-bcf1-eab6d4ec4410,202608,16ea72ef-5209-49b1-bd70-44bf0f0dfc90,CONS,CONS,CONS,,,,,
afc1d60d-a89c-4e5e-bb88-15455bf761d6,202608,17015552-b015-4017-b850-a879f8776a5e,CONS,CONS,CONS,,,,,
abd41e22-fe47-4b4b-ad91-c239e43999b3,202608,17d9cd42-847b-4f55-b8a5-277dc25738f7,CONS,CONS,CONS,,,,,
eaa5ae7c-7a6a-4343-bcdd-0f7d5ab2ca8d,202608,19ec4da6-ab05-4a2b-9d0d-b5706786b800,CONS,CONS,CONS,,,,,
000653bd-3397-4e75-bc6a-af541ff5a8e2,202608,1a2838a8-da47-494e-af95-529eed0589cd,CONS,CONS,CONS,,,,,
aa198c0e-9d93-4f7c-b667-13bdf6a9b80d,202608,1a894aaa-aaea-4016-8a75-3f0ead9da43c,CONS,CONS,CONS,,,,,
488991c7-6b8d-417b-a07c-fb49db1c5ef6,202608,1d294a83-c204-439b-bc37-f4c55c341777,CONS,CONS,CONS,,,,,
982beb99-d65b-4478-a446-10b58793ce99,202608,1d492812-df75-499d-85ed-cf1f201c98d9,CONS,CONS,CONS,,,,,
885cae57-8614-47ed-8250-d5a253473a13,202608,1dd59be9-633c-497c-b02f-25298da1dabd,CONS,CONS,CONS,,,,,
7e171ffc-26d3-4ce8-b7e1-9e8e0a63c6bc,202608,1e64e286-1f32-44ec-bcb6-86ffdea1049a,CONS,CONS,CONS,,,,,
2c34e163-f736-4956-a867-a0d178f7d540,202608,1e9f7990-ee83-4841-af0d-ee5c56dc0b32,CONS,CONS,CONS,,,,,
73e3c361-05a0-4c8f-b7a6-d6734d471ee5,202608,1f59b5ba-6092-4dcb-a770-55324711cc79,CONS,CONS,CONS,,,,,
65969dda-41f5-466a-9162-533e779e39d3,202608,1fa04649-4ab9-4f54-9e85-133c5d14f6c0,CONS,CONS,CONS,,,,,
7663ba5a-2382-4497-af6e-01676fcd9a0d,202608,1fb50b90-63b9-4074-9d20-cb71ae913568,CONS,CONS,CONS,,,,,
bdf45e31-68ce-4055-b22d-08efa83f94bc,202608,1fc4396f-fb97-4f6e-a2dc-db17b823f5bc,CONS,CONS,CONS,,,,,
5d634a42-f059-49ca-aa68-84adc9c76129,202608,23042d16-9c6b-4790-a6c7-5f3aae96d9dc,CONS,CONS,CONS,,,,,
34be29bf-2f21-4256-b775-ef480920dad6,202608,230550a7-cf36-46e3-ac71-4bd1c3f02e7a,CONS,CONS,CONS,,,,,
e78e9232-47b2-4bcb-b626-1670032be033,202608,245c3a69-a970-4670-897f-14257f9116d3,CONS,CONS,CONS,,,,,
67c21d8a-3336-4c2e-8659-5b5f0698f1fd,202608,24750019-1200-4148-afe0-327b5a1cef61,CONS,CONS,CONS,,,,,
abfa8c65-46ba-4315-b95b-d8e11d0f0ea8,202608,24e707e5-af78-4ee5-8d23-95598e4af632,CONS,CONS,CONS,,,,,
4b885bc5-70c0-4b14-b2bc-2fa646dc25b2,202608,25990272-c0b1-4ea5-bb2d-c01b99de5b35,CONS,CONS,CONS,,,,,
de523eb0-05cf-4902-bd22-3049009c7025,202608,25a6e6e3-b62f-4a39-b0c8-3de347ecc89e,CONS,CONS,CONS,,,,,
7d574487-4f7c-4ba3-a296-d6cd18ec7747,202608,25c2efeb-fd3e-4fb8-83d6-8f7e51c47f71,CONS,CONS,CONS,,,,,
237d9499-1076-4080-837b-8632f0065af0,202608,25e9bf9c-196a-48e9-aba3-a04f7e74e242,CONS,CONS,CONS,,,,,
00223197-c96f-40de-87db-fc38a7f8944c,202608,270e8da5-ab77-4925-87a6-0bf7647c57e6,CONS,CONS,CONS,,,,,
e6a89416-2065-48bc-8219-d719da356b92,202608,27961b3f-b7cb-4543-bcda-c05e0114fdcb,CONS,CONS,CONS,,,,,
93f1acdb-87cd-4887-a3c6-f19b5d9fc077,202608,27fc4439-dca4-4b90-9500-919dfa7a41fe,CONS,CONS,CONS,,,,,
77c63826-f223-4a0d-b090-84a323171b20,202608,2800af77-562b-41cb-b11d-33272ac032ba,CONS,CONS,CONS,,,,,
9d589d35-54e7-4ca1-a04a-8b775df0548d,202608,2a7270e6-5e24-4cad-88b0-1f7a895ea4d5,CONS,CONS,CONS,,,,,
09068046-318e-43b2-ac1d-489c50e21c66,202608,2aacf841-996a-4e5b-af55-772f8232678a,CONS,CONS,CONS,,,,,
089afb1c-5aa5-4456-8ac8-443afaa1a07e,202608,2bd22794-903d-48c6-9230-8118fcc3293f,CONS,CONS,CONS,,,,,
9278f9fd-5352-4c2a-abd4-905e9d694c21,202608,2c420f79-5b9b-45ac-888c-8305d77a7b12,CONS,CONS,CONS,,,,,
8d701925-13ba-46fb-b1c5-50403b1f329f,202608,2c48dd7e-fa50-4f7f-b12e-eb3a0bc7bd24,CONS,CONS,CONS,,,,,
9a199e64-50f5-4685-896b-fd6632173bfd,202608,2c6eb01e-b2d4-4c57-999f-c6a7159fedf0,CONS,CONS,CONS,,,,,
b3aa0dae-72a3-43af-a0e1-9efb413d591f,202608,2c7027f9-f795-423d-b327-db7d332c7556,CONS,CONS,CONS,,,,,
ae1321d2-114a-4ae2-95f7-1fb8543802e3,202608,2d6a5b56-b5d1-40b1-8189-5fed212752f8,CONS,CONS,CONS,,,,,
1791c7f0-4099-4217-88fc-e79338e01a50,202608,2fc8f5aa-4313-4c5d-8e5f-b1254d97addb,CONS,CONS,CONS,,,,,
dc791557-319d-4f70-8e9f-0537b274dd7d,202608,3001c300-0c8f-4b23-aa24-585b93762b43,CONS,CONS,CONS,,,,,
9bedc69f-5735-4380-b917-69d61fa139d1,202608,31415341-6703-4c9a-8d49-5b08e33179bf,CONS,CONS,CONS,,,,,
64205774-8df7-4002-9139-98b3b0d04455,202608,319620c1-a2ec-4597-a455-f6444af50cdf,CONS,CONS,CONS,,,,,
182180af-bdfd-4951-a6b5-f030b453f470,202608,3375d146-c077-45b4-ae69-4eb903d82563,CONS,CONS,CONS,,,,,
57a14e46-5c32-407c-89b4-27ad20cab820,202608,344ddc84-f293-4b8b-9298-265f4a0405b5,CONS,CONS,CONS,,,,,
7d4a0650-8238-49e7-8c74-bcee48ee0bdb,202608,34aab5a7-67e1-48c0-8e96-6805e9677968,CONS,CONS,CONS,,,,,
8b212456-fc9a-43a0-91bc-019e7325afd1,202608,354fbf7a-e9c1-4dc6-8f99-c7fae7a05ebc,CONS,CONS,CONS,,,,,
9a90b14d-951e-42b6-bbbf-03ce6c6d9d91,202608,35facaa2-1a8f-41ff-85bb-11b501b576fb,CONS,CONS,CONS,,,,,
09d2460d-1877-41d4-8fba-4f7eca882c4b,202608,3627007d-fda3-4905-8582-b32da816a11b,CONS,CONS,CONS,,,,,
d8a2219d-8232-4f87-a9b1-86d2204aa40c,202608,36393131-40ce-4776-980e-833b1b38408f,CONS,CONS,CONS,,,,,
878377c3-3d0e-4bc6-9da2-42c00c0f1122,202608,36e7e602-d03d-4bf8-8621-a38a9935f584,CONS,CONS,CONS,,,,,
bc67c5fc-4782-4354-a964-6afb0307f80c,202608,380963b6-14a4-4b84-a406-da4f669295bc,CONS,CONS,CONS,,,,,
612e9c1b-b52f-4fb0-91b6-e67a95b6e205,202608,387a3773-d793-494c-b656-709e7bbfc438,CONS,CONS,CONS,,,,,
0bbe3ea3-e122-4552-9aaf-8bf6ae54bb3a,202608,388a3d98-3ed1-4717-8c10-414cd2b31fd4,CONS,CONS,CONS,,,,,
d29764e5-f009-4147-9029-4dd4c8e82a61,202608,3983e68e-2ed5-4972-b567-66e55d0dc220,CONS,CONS,CONS,,,,,
3aadaff1-33de-4dcb-9a26-b8dfc17fcb05,202608,3bc87866-1e32-4a04-afcb-2092e5ad0f00,CONS,CONS,CONS,,,,,
ea2911ba-ffb5-40cf-9aae-ffd1088197b4,202608,3ca1666e-a562-4f5a-932e-c992e351978d,CONS,CONS,CONS,,,,,
e5e640d2-1e73-4caf-a05e-fe5c00c1a2ea,202608,3d4951df-0f4a-41ea-a9e5-07a5000d7a28,CONS,CONS,CONS,,,,,
68e444a7-1251-4cbe-9ca0-b96fa4830f72,202608,3d7fa983-eb80-40da-86a3-95757fa9486c,CONS,CONS,CONS,,,,,
1f8a2af9-1e44-4107-b594-df8c488bfce0,202608,3d8a1935-ea74-41d3-98a5-2e069c533b47,CONS,CONS,CONS,,,,,
bf3181f4-8d58-46e1-b902-efe4a23b70df,202608,3da682de-301a-42ba-870d-e45b9737ed1a,CONS,CONS,CONS,,,,,
22aa9825-2727-456c-8e84-6e26a6316c0f,202608,3e1a52a3-d016-4576-8cdd-8db9b081ba1a,CONS,CONS,CONS,,,,,
0de5a4fd-7cb3-48a3-a558-fe1cd7cb35cb,202608,3f39b8db-c5ba-443a-8836-b6291df7344e,CONS,CONS,CONS,,,,,
7ba96a09-d373-46ba-b1ed-b37287d77e89,202608,3fa2f697-3bbd-44f1-bf70-06e08df613bd,CONS,CONS,CONS,,,,,
510e95a7-72e0-4057-99a4-10805d6b5c2d,202608,40baa051-cc4f-4d6f-bafa-19e73b702e1f,CONS,CONS,CONS,,,,,
c695c786-16ca-41f5-ba85-bfaacd79649b,202608,41168893-50f0-4160-bca6-ff9f0fab02c7,CONS,CONS,CONS,,,,,
4b808f5d-5b81-4dbb-8a77-203a96b4bb1f,202608,4237ba16-7231-44fb-9044-47dce0359f40,CONS,CONS,CONS,,,,,
8a542b55-fbc7-40ea-b73d-a6ef526995a5,202608,42724fdb-ffa2-49f6-aa6b-02ec310ca050,CONS,CONS,CONS,,,,,
513c898c-b59a-4043-8830-6f7c184d2895,202608,4283ee7f-52f8-4624-90c7-df9a99d06056,CONS,CONS,CONS,,,,,
c2aa359c-6d69-49e7-ae1f-528237b2f9ac,202608,42cb7ffd-0d3f-4476-9897-4be6059c3ad7,CONS,CONS,CONS,,,,,
8199570b-1047-46e5-a983-c6050be9bf62,202608,42db1263-e078-4186-aed5-be4261def2f9,CONS,CONS,CONS,,,,,
22493a51-ce1d-4b55-8273-94a4a64ac0d6,202608,430e1bbc-edc5-43bd-9c0e-1fd24767182b,CONS,CONS,CONS,,,,,
b07626a7-5eae-4c10-bbf1-a67ff5611a32,202608,433f45d3-5cc9-4ebb-a902-df1c34c3db74,CONS,CONS,CONS,,,,,
0de4d7af-bae6-4dec-a918-85689c7c9f7d,202608,43b6797f-b2c4-4381-98dc-fda256324ffa,CONS,CONS,CONS,,,,,
41e60964-fd81-45ee-b8f3-afbcbef631d4,202608,45a96184-7242-4671-aebb-08cfe394f913,CONS,CONS,CONS,,,,,
a421d2b3-4252-4126-b2f1-656ed56889aa,202608,45e588b4-5caa-4eb5-b008-478616625990,CONS,CONS,CONS,,,,,
f90bd191-61c9-41ae-99bd-3ca8d0f4223d,202608,46eb77e5-32cb-440a-96f0-e89e89ea3d1c,CONS,CONS,CONS,,,,,
b0efa8fc-2303-4f27-8a97-3c5d6de7b148,202608,474078e6-5b5a-4806-b274-65caba9179ae,CONS,CONS,CONS,,,,,
3d5f1e3c-3dc5-4a7d-9e1c-8ddff65bb1e2,202608,47926ea1-fb22-4321-8a25-7467b887aef4,CONS,CONS,CONS,,,,,
8b9a091c-b801-426c-bbd8-2d7b36b3109f,202608,4cccb44d-0050-4b61-b837-c7e10caee8b9,CONS,CONS,CONS,,,,,
2d4158de-b6c6-4c34-8931-f8b2e6d4e471,202608,4d114a01-ee8b-4233-a366-08c600e032a1,CONS,CONS,CONS,,,,,
4827617f-1f51-4661-8e9a-21f32ed305c6,202608,4dd813d2-09f1-43c0-a3cb-1837d21dac8f,CONS,CONS,CONS,,,,,
79332fd9-d5f0-4984-bcec-0d5c3466764c,202608,4e56f971-3ef6-4416-b57b-593ac6aa6af9,CONS,CONS,CONS,,,,,
a0197aa7-8222-4e53-9b8f-d135bdea6644,202608,4f26af7b-d738-415a-8d6f-8d89961fa6fd,CONS,CONS,CONS,,,,,
abd40319-2f6f-4ffe-9a7b-5a7a8f4fa584,202608,5073a247-f138-41a6-a3b0-e7c2f3ccb41e,CONS,CONS,CONS,,,,,
25cf60e9-0be5-459e-8f19-04df4b4460ad,202608,50813be4-742b-4fcc-8a2d-6ef67cd8fc8b,CONS,CONS,CONS,,,,,
7d3f87a3-af29-4234-be5b-052f48882042,202608,51500cd4-ac88-4a27-901d-56f35440aaac,CONS,CONS,CONS,,,,,
f3f5b9ef-c248-4a4a-9497-a82ae9bbe698,202608,52f62b00-d830-4245-af63-bfc953df104c,CONS,CONS,CONS,,,,,
3f815062-9fd8-4f07-abc3-b2f1cefddda9,202608,53170555-8f66-4bc6-aa53-b2960d437a78,CONS,CONS,CONS,,,,,
81f40923-8142-445e-975b-1878bfcf253b,202608,545623f1-a10d-4ecd-9109-b784824823e2,CONS,CONS,CONS,,,,,
d4a10389-fabd-4552-9785-df6eb650028d,202608,5521a0c6-d947-4641-84c7-d0affd7fec47,CONS,CONS,CONS,,,,,
49a10de0-ec5d-4a09-9400-a87fce826e36,202608,562520da-21fd-419f-bc43-c402605fc782,CONS,CONS,CONS,,,,,
74deb10f-b646-4990-865f-074863bd19e7,202608,56342141-8319-4b06-a9b6-238672951de7,CONS,CONS,CONS,,,,,
d7503254-714e-4d90-955a-dcb212c18feb,202608,577e44b8-d0d1-498d-8b64-4bc0ecc8ca0d,CONS,CONS,CONS,,,,,
49af2f9e-44f9-4e3a-826b-26abd2269657,202608,579d38a5-8883-4169-81c7-a25d47fdba27,CONS,CONS,CONS,,,,,
2e0cbbfc-11f4-4f8c-97cc-a660b1871f17,202608,58a57348-6afb-43f7-8c6e-cc18af2ef76a,CONS,CONS,CONS,,,,,
b4e93c73-367f-4aae-aa34-b2e5e67ec18d,202608,5939b6d7-e8ff-4f33-bb23-f688c13c6cc9,CONS,CONS,CONS,,,,,
83513f94-144c-47c3-966f-0168b62b19b3,202608,59a6fc6b-d9b4-4f77-9962-1b2d266a4b8b,CONS,CONS,CONS,,,,,
e91d3e8e-acbe-4561-82a3-f955859f208d,202608,5b9be6e7-7ed8-445e-8e5d-31c10466e139,CONS,CONS,CONS,,,,,
33709f06-e9f4-4e5e-8ded-30ea6e9e3e6c,202608,5c80b66a-9d12-4d1f-9ae8-695c45cbfbd3,CONS,CONS,CONS,,,,,
af74d102-80e0-426b-9bb5-3e29c5087351,202608,5c9c707c-3911-407d-9c4c-ab5731db75ed,CONS,CONS,CONS,,,,,
69600210-5893-4ef8-ba4b-8ce57b3d0dde,202608,5cbd574f-7a2a-4d84-98e1-1a87d85e4126,CONS,CONS,CONS,,,,,
a8df71d8-5a72-40be-bb7a-fff4db3c5987,202608,5cbd95d0-fa2b-4805-88c6-0c523ea528e9,CONS,CONS,CONS,,,,,
3d8519fb-db59-4520-90b6-ab4484145332,202608,5e078342-313e-48f4-8e87-73bba955ba25,CONS,CONS,CONS,,,,,
31902eb6-a707-4484-ad06-39006a79a212,202608,5e25dba9-fc58-4b32-9e33-8b8d90aa1e2d,CONS,CONS,CONS,,,,,
5e88797f-1590-44b3-904b-264270c934a5,202608,5e371a04-e4fb-44e9-a44a-75b28f0ac24d,CONS,CONS,CONS,,,,,
f6067a0f-d031-48a6-b07f-32b203571e41,202608,5e617c56-f73a-4eb1-bf0a-6b37b478006b,CONS,CONS,CONS,,,,,
52d67e9e-7034-4b9a-9417-0ba19aa04afe,202608,5e95e3cf-36c0-45db-afe3-c8d78dfb67eb,CONS,CONS,CONS,,,,,
543ae57e-3388-4e26-863a-de93411475ac,202608,5f2db149-8485-4aeb-b5c6-31e78c77e5d5,CONS,CONS,CONS,,,,,
e2c49f7a-fb0c-4d2a-85b3-4b688a8f57d0,202608,5f305b29-bf4b-4358-93b4-9c4a4193746a,CONS,CONS,CONS,,,,,
bcdc7e00-c356-4ad9-8837-9a2cfa00b23a,202608,5f5ecdf3-a5bf-4f9a-8863-4cc4d1ab737a,CONS,CONS,CONS,,,,,
48433a56-bb13-4457-8a9b-3d19b8f0472a,202608,60c23c99-a622-451f-940a-3c8f8bde89f5,CONS,CONS,CONS,,,,,
efee5fde-ea1c-4b2d-a8e8-a681649f6b97,202608,613e74fd-4543-4079-9498-77a770780044,CONS,CONS,CONS,,,,,
e375b78f-749e-49db-a15f-85a8955a8e49,202608,6169ffc7-fdf2-467b-b268-bec7cd275298,CONS,CONS,CONS,,,,,
9d07484d-3d68-4fec-97fe-3b23663cce4a,202608,625ce6fa-448c-486e-b3a9-ff0d439164ca,CONS,CONS,CONS,,,,,
9262eb43-3c90-4804-9288-a8288d600924,202608,629c0c14-a9ed-4067-8ff1-c70f6a677642,CONS,CONS,CONS,,,,,
7ead4eaf-7eab-4986-94cd-9aac08ffef31,202608,636dcb90-2923-49c5-b8d2-a214b6bdd5fb,CONS,CONS,CONS,,,,,
d656e0d3-9538-443e-a9c2-51c90f0f7679,202608,6502c971-4ca9-4cdd-86d0-c8e3dd070d6a,CONS,CONS,CONS,,,,,
dfb5e88c-9c71-4212-8b7e-9ac8066d1760,202608,662397b3-f94b-4383-8ba4-935dc7a95b96,CONS,CONS,CONS,,,,,
904b086f-d23b-4942-8ff7-4854adf11b01,202608,66bb4292-9aba-4116-ae35-19dbd3500c86,CONS,CONS,CONS,,,,,
f656ba83-3095-4aeb-8e68-535b8706bcf7,202608,66c6672d-1c05-4751-bad1-36fc410009ff,CONS,CONS,CONS,,,,,
42c687da-99da-4e38-bfaf-7fab30ab192c,202608,6888b6f2-52c6-4fc4-b2b5-1a1d29c8af7a,CONS,CONS,CONS,,,,,
e9339846-51c1-4f05-abb8-0af44122e476,202608,68e3d31f-750b-4573-b76c-03bf2523f45b,CONS,CONS,CONS,,,,,
6b4e3ae9-df5d-4e23-9d8d-0890396515e0,202608,6a702a27-cf5d-42bc-b75d-f4a151d939bc,CONS,CONS,CONS,,,,,
e6819515-1b7a-4194-bf87-4226aacccba2,202608,6b57605f-2177-4090-8fbf-1ae471492cd8,CONS,CONS,CONS,,,,,
1c8527c1-77ec-49c7-b758-e6e50e02ee80,202608,6d3cbb26-2e6d-4183-a313-d19c5be56315,CONS,CONS,CONS,,,,,
896159ab-d733-4b77-9875-b9761eee2d3d,202608,6d87aa5a-2ac3-47c1-b350-93ebab6229aa,CONS,CONS,CONS,,,,,
9d31e470-0991-4efe-9daa-75090e45c9ec,202608,6f48764e-7e0b-4966-b88b-03875558cb6d,CONS,CONS,CONS,,,,,
99042948-490e-46bd-a263-391eab79dfef,202608,6f665699-3914-4402-a4f5-c825fee57202,CONS,CONS,CONS,,,,,
843f185b-dc6c-4474-9fa7-ef14f9b3da4c,202608,701c7fc1-e5e9-4635-b30e-b3d4d3f6915a,CONS,CONS,CONS,,,,,
001ff2be-b8a5-4bd3-ba2b-e0f282405db4,202608,70f3e744-ff27-4f86-9f3d-f0f08594f8aa,CONS,CONS,CONS,,,,,
0d6a4171-367c-47f1-8935-125fcfc0baaa,202608,71ee377f-633e-44b3-bcf6-78107bac89bb,CONS,CONS,CONS,,,,,
a9549bbf-f982-44dd-910f-89739d1e961c,202608,72dcf681-db84-4bfb-a69c-8da8efef7cf0,CONS,CONS,CONS,,,,,
56488d52-cb6b-48d0-abf8-6772f6378fd6,202608,72fdb4fe-3a1e-4581-86c2-47f3b3dc4c0d,CONS,CONS,CONS,,,,,
bd53b6e8-25a0-445f-aa7e-04894d3597ac,202608,739a449f-da36-4f82-a72c-f6d55c3aeff6,CONS,CONS,CONS,,,,,
b6958c4c-3cac-43fd-8387-b03018ef311e,202608,73ee8a4f-50ee-49bb-9c75-c04d880bb071,CONS,CONS,CONS,,,,,
2db2ccec-db00-4120-b668-8aaa7bfcf18a,202608,73f3f322-0133-4107-80bd-b88405ddd98d,CONS,CONS,CONS,,,,,
d9b43cfd-a431-40a1-9126-4441bb29988a,202608,76847759-5ab8-4f98-af6a-e9fc0b05f7b8,CONS,CONS,CONS,,,,,
ffcbed58-89d5-4836-82d5-afa9a595ab9f,202608,770a7ac9-dbea-4d87-a144-63f11e9ff05a,CONS,CONS,CONS,,,,,
2a11236c-a6e3-4c29-9b4a-de5f0bb05ead,202608,776506a0-3a7c-4296-a211-6aa65a113a52,CONS,CONS,CONS,,,,,
2cb6a0dc-e89e-4f8c-b94a-5fb4faf8a73f,202608,7860fd5c-d425-4dd1-999b-eded2770ef88,CONS,CONS,CONS,,,,,
9dcb8374-263b-456c-8ae0-dd97c36a8193,202608,7863e3cd-c21a-43a7-8a9d-3537ba186e37,CONS,CONS,CONS,,,,,
a29ffcfe-2348-4f23-a9d7-28b6d49bd169,202608,78a714f0-8b6a-430a-b0e9-a0067ffce061,CONS,CONS,CONS,,,,,
785263cd-bd0f-4872-b94f-a81593fbd03c,202608,78f92869-93a5-4c41-a58a-123693de1124,CONS,CONS,CONS,,,,,
93e9c0b7-da2a-4bf1-8a01-677f5f9dd28c,202608,7a1b8941-bda5-4cbe-a59b-6770b378f332,CONS,CONS,CONS,,,,,
32ddb91f-82f0-4df7-b67e-858412384452,202608,7a30ef7f-e4b8-4971-aa5b-1c0aefd400c6,CONS,CONS,CONS,,,,,
7ba13cad-c1bb-48f3-8b44-87244cb8c8fc,202608,7a9f7a9d-e831-4b6a-a851-04433f855082,CONS,CONS,CONS,,,,,
87787788-0913-4551-bf87-0c93d3f7b854,202608,7b1a3f37-0990-4e48-b997-ea6a5b846e72,CONS,CONS,CONS,,,,,
c6e91596-eb34-403f-b0bb-c62c5751690f,202608,7bb0b1aa-3195-4191-9ed8-f4ea4aa355a8,CONS,CONS,CONS,,,,,
c79fa7c5-0079-43d6-a955-121467ffb004,202608,7c00bfc0-b9a0-4a5f-9e90-7c4a6cde71f0,CONS,CONS,CONS,,,,,
69535afb-fda1-42fb-b409-6f42fdc904c5,202608,7c49ce99-b517-45c1-9328-841c2eb3bebc,CONS,CONS,CONS,,,,,
1e4665f1-ce93-43da-87c0-64014ec8ab7d,202608,7d935df4-0d80-4616-8698-797105e9e828,CONS,CONS,CONS,,,,,
efe740d3-a2ad-469e-932d-d0d8e1482370,202608,7e9df6ab-65b9-4beb-97f3-4bd820e60080,CONS,CONS,CONS,,,,,
50192f74-a133-4268-b78f-219925e82b91,202608,7f543b6f-e865-4a34-8eea-1256052ec10e,CONS,CONS,CONS,,,,,
03c17275-8cbd-4b6b-82c5-f1fb62a6638b,202608,7f6d72d3-9402-4d7b-b898-2b567661077a,CONS,CONS,CONS,,,,,
b69aab41-b7b1-4b99-922a-839dec324b65,202608,7fbf75e1-61f7-4022-b22b-47f1048ff526,CONS,CONS,CONS,,,,,
0908738e-7a25-4de1-9faf-d9e58182b9e0,202608,80041153-e4fe-4538-a601-4c737bc4d914,CONS,CONS,CONS,,,,,
ef4dbce4-344e-42d6-828c-f7c739eb0f2b,202608,81feb4e9-5bf2-4759-b9c7-8b62c959aee1,CONS,CONS,CONS,,,,,
54215765-c4fd-40c8-84a9-29313cb097d8,202608,83896611-3a90-4ace-85b3-0c138a597fd0,CONS,CONS,CONS,,,,,
6f4faa75-343e-4e25-9b7c-c6800b6c1595,202608,8497d915-af35-416f-bfbe-f30d0eada466,CONS,CONS,CONS,,,,,
b9e897af-2df3-4f8f-930b-0e758ac2791f,202608,84a1d29c-f24e-4def-ab9a-150cc1e1713c,CONS,CONS,CONS,,,,,
81c521a1-de18-4f9a-ba31-af0c8a94d0c7,202608,865e73fb-3871-4a7a-99c9-825a4e39fb8e,CONS,CONS,CONS,,,,,
c892dc2f-74d2-49bc-89a3-3ed32cdbeec9,202608,86b4c6df-db41-46de-a512-87a37c466407,CONS,CONS,CONS,,,,,
e80d939d-933b-4a80-bbc4-911464891eb0,202608,86d11916-5e24-4d28-90fd-71bf396dae43,CONS,CONS,CONS,,,,,
638cd7da-c8a7-45dc-b910-309549c9933f,202608,87b66979-add1-409e-aaa9-1af61ed2bd09,CONS,CONS,CONS,,,,,
038d9008-e628-458e-8f22-d8da6ab61902,202608,87bb9209-fa72-4189-bdf3-19fc445bcea3,CONS,CONS,CONS,,,,,
f0ecaf07-342d-4e45-b228-38740184a6ad,202608,87c48292-8a1e-4f7d-ab1c-1db31556ebfc,CONS,CONS,CONS,,,,,
14678408-bde9-4dc1-9948-6628a24e4a97,202608,88972449-a193-4688-8082-6018b93c1464,CONS,CONS,CONS,,,,,
d653e29d-5783-48ea-96a2-219442d02746,202608,88cc233a-e6d5-4717-be14-6880cd7aee19,CONS,CONS,CONS,,,,,
d70c62bb-87e8-4a7b-a453-a228dccb807c,202608,88d4dde8-d72c-4642-8128-c30de053d91a,CONS,CONS,CONS,,,,,
70062a89-02f8-4497-95c3-651a38bc2a0a,202608,893d6ca1-7f4a-4ce7-8d2e-65b432987165,CONS,CONS,CONS,,,,,
d3a93476-6027-4861-bcd6-7aa227147c51,202608,8aca267e-2827-4a54-a6c2-0d2fb9dc86c5,CONS,CONS,CONS,,,,,
edc8afb8-9251-4889-8510-a95470bc47f0,202608,8b0cf493-7266-44db-bca0-d5dece3534d8,CONS,CONS,CONS,,,,,
a999c29c-78f5-46e6-bbde-3e866329d74c,202608,8bd24b0b-7c71-42a8-aa44-e876c6d6bf14,CONS,CONS,CONS,,,,,
2f0a31a8-c2af-4ef5-bcb2-10d87441e9f5,202608,8c8ecac0-8237-4105-93f6-08697e90f9d1,CONS,CONS,CONS,,,,,
c6ab97e7-5b58-41c1-bce4-de1d68f61959,202608,8ca1960e-9814-4861-a2eb-e56a2074c51c,CONS,CONS,CONS,,,,,
5fa20c8f-1cb3-4676-9fe4-1a20adb15cc8,202608,8cabaa6e-87df-4bc6-a0d9-f7b5cc9596a5,CONS,CONS,CONS,,,,,
48a5da80-8ecf-4ea3-ada9-0cf946abd2ca,202608,8cfcd083-c3af-4f05-91af-948619384754,CONS,CONS,CONS,,,,,
b41fa204-4b77-46b2-a542-07a1c8e17913,202608,8dbe371c-3d31-4809-b9bb-5a49fa84aa7b,CONS,CONS,CONS,,,,,
86c815b6-17e6-49d5-a3bf-7221951104fd,202608,8de58602-bf89-474f-b0a9-3cc06650a6ea,CONS,CONS,CONS,,,,,
849f1897-701c-4bc5-adfc-9d9f6284a191,202608,8ef68cad-56ba-442e-abd1-3a584986d51d,CONS,CONS,CONS,,,,,
b4154d76-05d9-493b-a34d-f562348c1fcf,202608,8f0756df-9148-4c63-b8c7-3eab620dd40d,CONS,CONS,CONS,,,,,
1e70f581-aebe-4329-b258-d68d7f925079,202608,8f3ebb7f-7946-4a2a-ac58-72c96893908b,CONS,CONS,CONS,,,,,
e0cbbc64-f47d-4a29-8701-22e3029ccf87,202608,90177c29-b28e-485a-8946-9e170a9bc40f,CONS,CONS,CONS,,,,,
2b816342-2ae7-4cd6-946d-f760b39bbab7,202608,9130650b-2542-498a-be4f-16958abb5255,CONS,CONS,CONS,,,,,
84ad7c3e-62d2-4d91-b268-5ef95c48496f,202608,937a5b79-b31f-4830-8b4a-d18028f40573,CONS,CONS,CONS,,,,,
84ee254b-db72-437a-bffe-17d70d1ca9d5,202608,93e026a0-ee95-47c5-8f28-b5614f9b92d6,CONS,CONS,CONS,,,,,
47f9bc68-7e4a-4cbf-8f78-41053df3f64f,202608,93e46c77-e76f-4f8a-92ec-e4c20ea4d309,CONS,CONS,CONS,,,,,
14f4381f-82a6-41b5-800d-33e6a22f8025,202608,9427d00b-d1e6-42f7-8288-9579be77bd68,CONS,CONS,CONS,,,,,
85693cc8-8654-43f5-8598-123da28ae47b,202608,94b21fc5-522f-4d10-8049-c68524e1e519,CONS,CONS,CONS,,,,,
ece3ffcc-785f-4d8f-8091-9c2cc845eed0,202608,94c58a48-c8d2-4056-bf2b-1ffe0687d904,CONS,CONS,CONS,,,,,
20280dfb-756f-4dfb-a85c-fa5f1b081bf6,202608,94d667e0-d81c-41af-8edc-b8e1147ae56a,CONS,CONS,CONS,,,,,
ce9d2cea-70c8-477e-aa34-e7da7dca4ca5,202608,94f065d8-48d0-4416-a9eb-69e1fff6d058,CONS,CONS,CONS,,,,,
2224fb46-a257-46f6-ac46-cad2d3342d55,202608,955f3cb0-ba60-4796-962a-5f026dabf14d,CONS,CONS,CONS,,,,,
99b8d7d5-dbf7-40a3-8dcd-16c825d05612,202608,9579fef1-7dd4-4cd6-bfdc-ed4104ea6db3,CONS,CONS,CONS,,,,,
c9ff25d2-2bb1-4156-83f0-c2b2b348cdfd,202608,969ab842-6b82-475c-b9ca-c50faf356fd5,CONS,CONS,CONS,,,,,
df36722b-471f-4f3b-9445-59b7045d09bb,202608,96e4f81b-6d96-4e2e-ba53-fc057b0f508c,CONS,CONS,CONS,,,,,
58b6414c-6fef-4693-938e-7573a53108ee,202608,97dbb00d-7e59-4a11-b070-53e7c88a724e,CONS,CONS,CONS,,,,,
0184d4b8-4f43-47a1-8b25-c417e0a7c000,202608,9803608e-5f2a-4b6a-ae2d-13997a929442,CONS,CONS,CONS,,,,,
4621088a-6e68-4d3e-96f5-e12f89ebc5ad,202608,99db419e-5ba7-4336-bc9a-66a59748296d,CONS,CONS,CONS,,,,,
3dfc5b76-f14c-49d0-8a5a-3f2774fcb24b,202608,9be4b1a2-ba8e-4f2f-9d7e-582d6735889d,CONS,CONS,CONS,,,,,
852f6569-1673-4d69-ae6b-0a239137cabd,202608,9db778d5-1bc2-4ad2-b7ee-4468c89440de,CONS,CONS,CONS,,,,,
6f32198f-b641-4ea9-aaa1-805cfa1bcdf0,202608,9ed68b21-a24f-437a-90f9-943248bb20fb,CONS,CONS,CONS,,,,,
75ca9aac-7f7f-48ff-840f-5765ed013b3f,202608,a0cffc1e-3bd7-420b-a826-d4d5d2fcb09f,CONS,CONS,CONS,,,,,
54ef4aae-5df8-4ec5-b7d5-c3a377767c21,202608,a1cd3817-af4d-44cf-a8e5-ffe114e428b9,CONS,CONS,CONS,,,,,
b1b64f68-3f5a-4552-bad1-a201f2a4ef58,202608,a20a215a-20c3-4582-8a83-aefa5ad1f634,CONS,CONS,CONS,,,,,
9e7029d5-1b1b-4ff8-a2e6-7a0886eecd03,202608,a2b58587-5046-446b-beb5-025aabe7f21d,CONS,CONS,CONS,,,,,
d0e3b305-94e6-466a-b2d0-c168a6f9f11b,202608,a392056b-b66a-44fc-aa30-d2e97efbe05d,CONS,CONS,CONS,,,,,
47c5a97a-a56a-404c-a126-6f53f423a5ff,202608,a40cd266-c83a-4e30-bdec-c92ffdea5807,CONS,CONS,CONS,,,,,
0e9f67a6-1dc4-44a0-9606-1061db20d8c9,202608,a506ee83-aeff-4dd0-b3d9-9706a9edd5fa,CONS,CONS,CONS,,,,,
257c4eb3-b673-4d59-81aa-21f17114eca8,202608,a7090180-f119-4ef0-8216-6619b162371e,CONS,CONS,CONS,,,,,
da054a6b-2de0-430a-88e1-3cb19617aaec,202608,a75f29fe-5f86-431a-8cb3-84cf4afdfd8b,CONS,CONS,CONS,,,,,
3741797a-b9a7-4421-839e-c52871e38eb8,202608,a8495860-c151-4de6-951e-6365639c7ca5,CONS,CONS,CONS,,,,,
f02774b7-8db1-472b-9b3b-168565b356d0,202608,a88e92fa-acff-4967-87cb-ada770fc820d,CONS,CONS,CONS,,,,,
d222c1fa-3bfe-4296-9d2b-92e348bc57cd,202608,a8e687db-ff67-4296-8553-a3e494417e0f,CONS,CONS,CONS,,,,,
b09fb530-d89a-4e5d-88f1-f15aee23e50c,202608,a92b5321-c7d2-434f-a003-88f0745f6673,CONS,CONS,CONS,,,,,
b6532c5c-06c1-4403-9809-64fec3f47786,202608,abe8151e-0de5-497a-93ae-77641d6f5028,CONS,CONS,CONS,,,,,
de8eeb82-5833-4921-8019-d6b7f42aa6dc,202608,ace777a1-2360-42df-8d25-3efdc64ba29a,CONS,CONS,CONS,,,,,
94f956d1-0278-40e9-8a06-d63577b15e9c,202608,adb4920c-746b-4b87-867d-c80c4c72ff8c,CONS,CONS,CONS,,,,,
81b7a017-7979-4a5f-9d0f-14b034afee74,202608,aeaf7fc6-9935-415a-a7f2-a46b60e29dad,CONS,CONS,CONS,,,,,
5cd2034f-7bc2-469a-9218-ea02023c502f,202608,af236933-d486-4001-ae2b-522307900bc1,CONS,CONS,CONS,,,,,
f8cf6497-ed3c-411b-ba31-958dfe848f2b,202608,af7df1ef-2f66-4d0d-9cf5-67bf8003846c,CONS,CONS,CONS,,,,,
69c6d812-6fc2-4ba2-9829-1be25d5cb4e2,202608,b16b6c85-8191-45cd-b24e-59d0d7d3006c,CONS,CONS,CONS,,,,,
913fdf2c-58a7-46ab-9966-16b0ea5f99bf,202608,b1818565-e165-4273-9098-4f775db0b394,CONS,CONS,CONS,,,,,
2880d587-1e27-418f-be77-6dd362d41753,202608,b2ad7f0a-7932-4865-b3b1-e92b5df191c0,CONS,CONS,CONS,,,,,
a6c7040e-173b-4ec9-afe2-eee1017f2fbf,202608,b2e74ff3-c4a7-4f18-8e37-a4002d68a738,CONS,CONS,CONS,,,,,
bd858999-3b37-4cb4-b4d0-fb964917b011,202608,b3910746-1c2a-45ef-ad75-c040e9514dfb,CONS,CONS,CONS,,,,,
673245bb-8534-478b-9526-a7e05ab4d8a6,202608,b4291ab2-28d7-41c4-8489-ce0c63f4a6ed,CONS,CONS,CONS,,,,,
d2a363c9-7b66-46f0-9328-59d7255d2d36,202608,b46c23d1-7420-41c6-9782-b3977e873253,CONS,CONS,CONS,,,,,
08e73dce-3c08-4878-9fde-675ffe30695c,202608,b59e2577-9cfe-4ec8-be2b-9f1aabf05959,CONS,CONS,CONS,,,,,
816f1465-8426-4431-ad5a-d972c91fb6fe,202608,b5e13429-f4db-45c4-8d20-e85d9fb04f37,CONS,CONS,CONS,,,,,
ef8a1b65-6eb9-4307-90df-84264fd86b30,202608,b5ea0e04-5187-41c7-a3c6-af9e10ac2457,CONS,CONS,CONS,,,,,
88df2be5-4570-4933-8aa5-0a2c0f9caca8,202608,b61e41a2-9e6b-4b8f-a04c-70dba53dbd0f,CONS,CONS,CONS,,,,,
0ed792aa-64ce-4af7-bf45-5c0131ab0846,202608,b8241328-f446-4c0f-8565-7db759799357,CONS,CONS,CONS,,,,,
a5f9c67e-7136-4b5c-a7b9-71acab46e1dc,202608,b83eea68-50a1-49a8-b586-e62659b8e0ca,CONS,CONS,CONS,,,,,
9bbfc926-8e7a-45a4-9a2d-4724e41f1ef6,202608,b86b401c-2edc-45bf-8287-b0810781ba9b,CONS,CONS,CONS,,,,,
562175e9-9933-4314-8ebc-7db7ef0da341,202608,ba047551-ad1a-4e53-b2b9-31d44979d11c,CONS,CONS,CONS,,,,,
cc90597f-cf41-4dbf-9638-899cfeff8851,202608,ba29c566-cfb6-4b54-a5d3-3fc24631e453,CONS,CONS,CONS,,,,,
ef4100a5-cd1c-40fd-a6d5-9623280976ac,202608,ba849aa2-0459-4357-b6e9-7238a280eb1d,CONS,CONS,CONS,,,,,
c477b190-b923-470f-b254-658098b14ee8,202608,ba9a8113-5ecd-4d8a-88d3-59f9cfaa2a09,CONS,CONS,CONS,,,,,
f6205575-e86d-4069-aaed-92ef4f5f2d32,202608,bbaca9b4-aff9-4894-9cc6-8127e59170c0,CONS,CONS,CONS,,,,,
7e9c0a40-3dda-4fcc-9508-c81b7dd80f99,202608,bbf07182-eddf-4626-8cd5-227d9a3d41f1,CONS,CONS,CONS,,,,,
fc91faad-a431-478e-bd02-8216e9d68f12,202608,bc7600cb-e9f9-4430-90de-7958f38f6e41,CONS,CONS,CONS,,,,,
6702525c-1e9a-4e08-b924-4e36790e84e4,202608,bd61f606-4ef7-4364-a20c-7d43b3093814,CONS,CONS,CONS,,,,,
669ea206-f7cf-476b-9aee-b1320b3c44fb,202608,bfc7e2e7-b4e1-4c70-ad2d-d2eef2770d9b,CONS,CONS,CONS,,,,,
bdd1025c-db51-4768-9a0f-a679f0e6059a,202608,c2b49b7c-c62d-4899-b120-722cc4d92d2f,CONS,CONS,CONS,,,,,
90cb06f3-dd39-461f-b093-a3f9439083ae,202608,c3585eec-ad8c-4693-bf2b-5570c9d8df90,CONS,CONS,CONS,,,,,
fcdd2f92-a3ec-4b42-9e96-71c8afb3e073,202608,c3b78408-4ceb-4db9-953a-15a4802cd7bd,CONS,CONS,CONS,,,,,
347ceeff-1e51-45ab-9f84-5786efa5477b,202608,c47f1eb0-b532-4067-9592-759968d38dcc,CONS,CONS,CONS,,,,,
eb3ed620-dbbb-4813-bec0-bea49568f20d,202608,c4a960aa-c4a7-4d14-b03b-156ea1d6f030,CONS,CONS,CONS,,,,,
e2abef2d-cce8-4da1-8958-fd8b7ab4ac06,202608,c710ca78-3f49-4f1f-8a69-15da6abe0e7a,CONS,CONS,CONS,,,,,
efcb93c1-c0f2-4027-a2a7-751951f1f6ac,202608,c71223dc-9eba-44c7-b4e0-c6645fdecaf5,CONS,CONS,CONS,,,,,
7192733f-8f98-40a6-b01c-95286403ef8a,202608,c7317bc5-f2a9-4304-9054-bf64449cec75,CONS,CONS,CONS,,,,,
3d447330-3756-41b5-8625-efea1b67461f,202608,ca2b07d4-1eee-45e7-8208-bfead7d79515,CONS,CONS,CONS,,,,,
2e980923-bdba-415e-907f-6c64ac32f1b3,202608,ca303358-efaf-4c13-99dc-05cf942b56e2,CONS,CONS,CONS,,,,,
4a51aea2-b3d7-4ffa-9e89-eb9c784d6ef7,202608,caaf6d81-d64d-4da6-8374-a2dd11f44c54,CONS,CONS,CONS,,,,,
d736598d-3d20-4ecd-a512-cff3be18306d,202608,cb585ab5-9f68-40fc-8064-6d0d100f4d39,CONS,CONS,CONS,,,,,
f289dfcb-de2b-4bf0-8488-8e8d69407e27,202608,cb8cf432-d0a2-44d7-ada4-f60c7402f192,CONS,CONS,CONS,,,,,
b3e31ebf-cdd3-4330-8674-3b237530497a,202608,cd173d26-acbf-4019-944a-f08e22030569,CONS,CONS,CONS,,,,,
7885709c-86bc-4479-acea-82cba6a83438,202608,ce10bd60-7406-4434-902c-845e8e07b984,CONS,CONS,CONS,,,,,
6b3dcf25-0cd2-4310-8948-75f4c3bede87,202608,ce6bef14-3089-46ae-9430-7f65af014341,CONS,CONS,CONS,,,,,
17c8ec33-91fc-401b-ae72-f9ed8e22ea34,202608,cf974d60-718f-4630-bb43-9966265349af,CONS,CONS,CONS,,,,,
1f51c878-36ee-4b65-ae46-9c37a0984d06,202608,d1526e7b-f093-4d42-aa4a-e37ed5bb29a9,CONS,CONS,CONS,,,,,
3af5fad9-1db8-4578-8d43-5470b26bdfa8,202608,d255527d-38b8-40c6-8bd9-4e903ee249c8,CONS,CONS,CONS,,,,,
00ab3cab-84c3-416b-8478-e9e54c8ea29a,202608,d361af6a-c16b-4c3b-a886-923dffa6be2a,CONS,CONS,CONS,,,,,
1ee4804b-20bd-4c4b-afdd-15adf3fbf1c9,202608,d3760a31-e6ce-4d5e-8ab2-ff5b616d6209,CONS,CONS,CONS,,,,,
e4d07085-b733-4177-ba22-b6e622535a8d,202608,d4a0b3e9-0c64-45bf-b58a-670ddd11ac75,CONS,CONS,CONS,,,,,
d160b810-4d9d-45e2-b04b-b65555f97ccd,202608,d4a3103b-095d-4438-9f87-ee1073aa5510,CONS,CONS,CONS,,,,,
6966111b-216e-44c2-940d-d411892eb063,202608,d4eb93bc-0460-49d6-ab35-88b767ab4357,CONS,CONS,CONS,,,,,
36e2b83a-8329-4e70-9a1a-db46bfcf19f4,202608,d541c910-53ed-4d1c-adf2-0d58f2afb8e0,CONS,CONS,CONS,,,,,
9fdd5a28-bdae-42ae-87ed-3228c5ae58f6,202608,d56d6466-0f62-41e2-a24f-51b483ef5a43,CONS,CONS,CONS,,,,,
0ae4c3e2-d41c-44bd-85e6-07a379225cfa,202608,d64f6120-2d0a-4173-95d3-8e003ee82fdb,CONS,CONS,CONS,,,,,
9029b950-8889-4489-9ede-399b6b492014,202608,d6e8801a-43ad-4e57-9bba-3cce890a8463,CONS,CONS,CONS,,,,,
a46c3141-a607-49b3-a40a-b25f2be7f1b5,202608,d876926a-f494-4a9e-9cbd-f4f07c28a31e,CONS,CONS,CONS,,,,,
cd618d66-c8ec-47a4-9d7b-721cfd2e9f00,202608,d9f93624-6cd3-4ff0-a07f-df6d1cbfdbc3,CONS,CONS,CONS,,,,,
108c3ce3-60d6-4d99-8028-77b66a02156c,202608,dbac46ad-2cbb-4886-a758-4a0dfe986ca3,CONS,CONS,CONS,,,,,
380d50cb-dffb-4b5a-8ed2-0058b80b097b,202608,dbe405d7-c70f-493e-abde-22b35c102a9b,CONS,CONS,CONS,,,,,
b943501e-3e4a-4bfd-a92f-0df0ace3b674,202608,dc59df2f-9898-4315-accb-94170fd20874,CONS,CONS,CONS,,,,,
33b75379-04d0-472d-8ef7-a05873866214,202608,de5616f4-48b0-4092-a52c-2190a2133bb2,CONS,CONS,CONS,,,,,
c0192fcd-3ccd-4942-bb2f-7fda609e226a,202608,de678da1-cdca-455b-999d-6d39e54d7375,CONS,CONS,CONS,,,,,
3b7c0475-c896-487a-8ba4-72979abb3d08,202608,dee560b5-8c65-4bb8-b221-0fbe2a05dfa6,CONS,CONS,CONS,,,,,
004640ea-163e-4577-ae68-27b83b0ca0f4,202608,dfb29128-4e7e-4cfd-9722-fda6846362c6,CONS,CONS,CONS,,,,,
542b583f-9feb-4033-b070-7becbbd3b4ba,202608,e0175d37-278a-43de-a47f-6166de542fa7,CONS,CONS,CONS,,,,,
e6789c71-09af-4ab3-8302-02e29c5b6c82,202608,e0c66cd5-bb93-40f5-a1b4-92b7130ccff2,CONS,CONS,CONS,,,,,
e0cf0d4f-6c3c-4634-996f-6bc97df907cd,202608,e1f71fb4-db4c-46df-b2de-5a4216157f4f,CONS,CONS,CONS,,,,,
4ec9291b-5a6f-47b1-8d61-5215e8648669,202608,e21cf1d0-8597-470f-bf7a-1ccbf34e5a63,CONS,CONS,CONS,,,,,
3b3368bb-653d-4b34-8a89-87e323be5e13,202608,e38fb390-a535-49be-b164-b29475509769,CONS,CONS,CONS,,,,,
be3327c1-b726-4ca8-87a1-00e59b6a4997,202608,e3c22152-cfef-436c-b2c3-bca481aa72f9,CONS,CONS,CONS,,,,,
3561d193-8666-4849-a8b0-8f247c70c8d7,202608,e3c3367f-5399-42ae-b334-35d19cdeaa83,CONS,CONS,CONS,,,,,
44df00ef-0133-4a83-b9b4-088ea412562e,202608,e3fcaf24-9422-4c3f-a215-df3fb2d71c24,CONS,CONS,CONS,,,,,
ea63fad1-f331-4539-9be1-9b9af8a7e9f2,202608,e4733356-49a5-44be-b782-bad37a87289b,CONS,CONS,CONS,,,,,
b0fc4461-5f6d-4300-9ac7-49cd5874f391,202608,e496a48a-f6ac-4113-823f-aed7dc0c0e1b,CONS,CONS,CONS,,,,,
e404b13c-c3e3-4d46-a600-0c9f16d3c2a8,202608,e517c3f6-7c06-4644-91c0-c29bc3da1c30,CONS,CONS,CONS,,,,,
a24b001e-11a3-4fda-9b8d-f5857b6ed27d,202608,e5374e6d-01cf-4dd5-915e-ba4f78ee0826,CONS,CONS,CONS,,,,,
a231e4fa-f484-47d1-bfa1-02e5b522fbad,202608,e6621ccb-5816-482b-b8fa-de8cc02929d1,CONS,CONS,CONS,,,,,
b84dec0e-63ed-460a-a955-9d67c5ae9625,202608,e7916c9d-9652-4387-aa0b-1bd70ff4211b,CONS,CONS,CONS,,,,,
1758cff0-9412-473a-9fee-544a9bc54de0,202608,e830d8cd-c26c-4f76-9a87-314d360c6a05,CONS,CONS,CONS,,,,,
e92a6474-973d-494c-827c-ee15ad0976a1,202608,e8a5cf36-1973-407b-9d60-3516e0431ac8,CONS,CONS,CONS,,,,,
49bb9824-cc45-453a-8266-2efc5c6936f5,202608,e9cf495a-4296-48b3-b552-0c6d8f337758,CONS,CONS,CONS,,,,,
eb7df958-23b3-4ab2-a51f-b36d5c269cc2,202608,e9eaedac-6123-4d7f-b83e-b0ca0cf310ad,CONS,CONS,CONS,,,,,
1ecb229e-4b90-4433-826b-5f8a14020b9e,202608,ea5faec4-eb93-496a-a725-e0bb334adfd6,CONS,CONS,CONS,,,,,
f93deab1-47f9-4f31-9f61-d1c0c39f9624,202608,eb0a7817-f5c6-41c5-8cf1-7054b3605e8d,CONS,CONS,CONS,,,,,
b3930624-08d1-4bff-9dd7-ad26f8494eee,202608,eb83c989-97af-4e43-b022-09a9bad61d52,CONS,CONS,CONS,,,,,
1c4b63a1-e9f0-4cbd-8bc6-ebd9eb320285,202608,eccc4660-8532-4c11-9dfa-a194e63c5a8d,CONS,CONS,CONS,,,,,
f673ecd7-722f-4428-bf17-c7ce16796e73,202608,ed03176e-db42-45f9-babc-5b9d276c284b,CONS,CONS,CONS,,,,,
2b38fc07-ac88-46ac-a6b9-0ebf772291fa,202608,ee7c7bc7-4bc1-4162-9762-3cb5718eb503,CONS,CONS,CONS,,,,,
2d1bcf08-d869-4a99-9265-fd398183bf7d,202608,eefa36c3-6c84-45c1-a3f6-ae99c6f4a7f6,CONS,CONS,CONS,,,,,
ef54c2fe-4cbe-47a0-9eca-90b489086dc7,202608,ef71b0bb-8023-4457-a402-23acfb556612,CONS,CONS,CONS,,,,,
8ce85b03-e7bb-466a-83fa-5a49e57a6621,202608,f098b4c3-ed70-4f5c-84d3-d30b248bf581,CONS,CONS,CONS,,,,,
fdf85829-5358-4d43-b074-4cf09162a914,202608,f0ece2ac-1d5e-45ba-9979-85387fb18ff8,CONS,CONS,CONS,,,,,
f14d84d5-f938-4bb3-b271-a627e2e36c9e,202608,f133b4f8-1525-4a97-8cf5-00d0900af2d2,CONS,CONS,CONS,,,,,
143c513c-e870-4e81-afd4-7c7af00fe5e5,202608,f21d1d86-f821-4a6c-863e-74f943215a4c,CONS,CONS,CONS,,,,,
5bfbd360-df90-4a9d-9a4a-a22bb9f7a28b,202608,f2968145-6712-4faa-a7a7-4b8d511df9e0,CONS,CONS,CONS,,,,,
a43bb0e3-3bb3-4fdd-a670-7222e33c7f8a,202608,f33f902c-34ed-4f13-8322-642cab48cbdb,CONS,CONS,CONS,,,,,
1e88d060-aed5-4ca2-beb8-d0e85dc8e26e,202608,f468c9cf-f8d7-44fe-b0ce-4025eaf611ad,CONS,CONS,CONS,,,,,
aa90bb81-6c14-43ee-b05f-2ffc30a5b77a,202608,f4e3af82-1b9f-4cc3-9bbd-f91ce99e927b,CONS,CONS,CONS,,,,,
8c845657-8d0d-445f-97a4-56d7567923e4,202608,f628f79c-ee20-423c-a8ce-ba63f3a1ebf7,CONS,CONS,CONS,,,,,
9285c855-dfdc-429f-8ecf-e757bbfcc882,202608,f692f315-1d2a-49b8-9fa9-0719480f5a14,CONS,CONS,CONS,,,,,
f5c0509b-31de-43e3-bdd8-ad1af4dffe58,202608,f694df52-cb1b-4156-96a7-f0e22d997b4d,CONS,CONS,CONS,,,,,
577a180a-094e-4b15-be8c-b2c1c9bcc40f,202608,f732e16b-df14-4a2c-affd-279a8fd11295,CONS,CONS,CONS,,,,,
48bc0bba-3766-480f-a6dc-83104f89490a,202608,f78a5ee7-3c7f-4796-bb53-3c73b307f2b1,CONS,CONS,CONS,,,,,
6c379e75-80de-4df4-9902-cdc3a4ed54ee,202608,f8221801-cafc-40fb-b93a-99ee0e5a217f,CONS,CONS,CONS,,,,,
4fa06de0-9ddd-43ee-95df-bfba8b837f32,202608,f8c9d2b3-5db5-4bb7-8b2d-b66101c215a4,CONS,CONS,CONS,,,,,
f238e2a3-61ba-485b-b045-a9bc15d88fa6,202608,fa8952da-1ba5-4c2e-bf45-ac7742d1f6ef,CONS,CONS,CONS,,,,,
d41f7852-6b5f-4726-866b-899c620b6a0b,202608,fac1f1c4-4aad-4be5-a06b-a103464da567,CONS,CONS,CONS,,,,,
af13810b-e67d-4fba-aed4-16f9c8d9fdab,202608,fc77b217-ee42-497d-b10c-13729c069e77,CONS,CONS,CONS,,,,,
3bad7a3e-3099-41d2-a202-992b34a2d835,202608,fdf2d525-2bae-4d7c-9777-129d58f28415,CONS,CONS,CONS,,,,,
fa68b00e-7a1b-4c7d-8e48-22bfb69d4afa,202608,fe52b902-b790-4c4c-9ebb-e02e710bdaf4,CONS,CONS,CONS,,,,,
f0f37f2e-ea14-4b95-bbfd-597b1a3a6632,202608,fed745a9-382f-450d-818f-13a2f491295b,CONS,CONS,CONS,,,,,
17d2bea1-e7fc-4d8a-8fde-5d26cf116e9f,202608,ff58b704-b5be-4b38-8507-3f4d973037aa,CONS,CONS,CONS,,,,,
